condition,policy,priority,arm,delta_us
idle,SCHED_OTHER,0,dlp-first,36.2090
idle,SCHED_OTHER,0,dlp-first,46.5542
idle,SCHED_OTHER,0,dlp-first,110.4586
idle,SCHED_OTHER,0,dlp-first,43.9384
idle,SCHED_OTHER,0,dlp-first,47.5017
idle,SCHED_OTHER,0,dlp-first,32.1314
idle,SCHED_OTHER,0,dlp-first,27.8727
idle,SCHED_OTHER,0,dlp-first,44.3642
idle,SCHED_OTHER,0,dlp-first,43.7591
idle,SCHED_OTHER,0,dlp-first,44.4519
idle,SCHED_OTHER,0,dlp-first,46.1233
idle,SCHED_OTHER,0,dlp-first,43.9888
idle,SCHED_OTHER,0,dlp-first,37.8493
idle,SCHED_OTHER,0,dlp-first,33.9179
idle,SCHED_OTHER,0,dlp-first,41.9148
idle,SCHED_OTHER,0,dlp-first,61.5834
idle,SCHED_OTHER,0,dlp-first,28.5513
idle,SCHED_OTHER,0,dlp-first,37.4766
idle,SCHED_OTHER,0,dlp-first,45.0946
idle,SCHED_OTHER,0,dlp-first,39.0415
idle,SCHED_OTHER,0,dlp-first,36.0069
idle,SCHED_OTHER,0,dlp-first,39.2599
idle,SCHED_OTHER,0,dlp-first,40.9278
idle,SCHED_OTHER,0,dlp-first,33.9626
idle,SCHED_OTHER,0,dlp-first,38.9275
idle,SCHED_OTHER,0,dlp-first,50.9468
idle,SCHED_OTHER,0,dlp-first,36.9187
idle,SCHED_OTHER,0,dlp-first,40.4935
idle,SCHED_OTHER,0,dlp-first,39.5240
idle,SCHED_OTHER,0,dlp-first,47.7423
idle,SCHED_OTHER,0,dlp-first,39.1128
idle,SCHED_OTHER,0,dlp-first,44.6588
idle,SCHED_OTHER,0,dlp-first,52.3664
idle,SCHED_OTHER,0,dlp-first,31.7512
idle,SCHED_OTHER,0,dlp-first,47.9933
idle,SCHED_OTHER,0,dlp-first,38.8464
idle,SCHED_OTHER,0,dlp-first,39.2313
idle,SCHED_OTHER,0,dlp-first,48.2953
idle,SCHED_OTHER,0,dlp-first,43.1308
idle,SCHED_OTHER,0,dlp-first,35.9482
idle,SCHED_OTHER,0,dlp-first,30.2441
idle,SCHED_OTHER,0,dlp-first,31.7521
idle,SCHED_OTHER,0,dlp-first,32.8507
idle,SCHED_OTHER,0,dlp-first,40.9990
idle,SCHED_OTHER,0,dlp-first,34.5445
idle,SCHED_OTHER,0,dlp-first,30.1814
idle,SCHED_OTHER,0,dlp-first,31.7598
idle,SCHED_OTHER,0,dlp-first,45.0660
idle,SCHED_OTHER,0,dlp-first,25.4336
idle,SCHED_OTHER,0,dlp-first,46.6140
idle,SCHED_OTHER,0,dlp-first,48.5519
idle,SCHED_OTHER,0,dlp-first,32.5442
idle,SCHED_OTHER,0,dlp-first,41.7702
idle,SCHED_OTHER,0,dlp-first,22.7563
idle,SCHED_OTHER,0,dlp-first,49.1490
idle,SCHED_OTHER,0,dlp-first,32.5880
idle,SCHED_OTHER,0,dlp-first,45.3504
idle,SCHED_OTHER,0,dlp-first,28.3447
idle,SCHED_OTHER,0,dlp-first,42.6520
idle,SCHED_OTHER,0,dlp-first,27.8869
idle,SCHED_OTHER,0,dlp-first,36.9299
idle,SCHED_OTHER,0,dlp-first,35.4538
idle,SCHED_OTHER,0,dlp-first,22.9530
idle,SCHED_OTHER,0,dlp-first,46.1831
idle,SCHED_OTHER,0,dlp-first,34.7164
idle,SCHED_OTHER,0,dlp-first,46.0154
idle,SCHED_OTHER,0,dlp-first,17.1373
idle,SCHED_OTHER,0,dlp-first,23.7477
idle,SCHED_OTHER,0,dlp-first,143.9723
idle,SCHED_OTHER,0,dlp-first,27.9813
idle,SCHED_OTHER,0,dlp-first,40.1678
idle,SCHED_OTHER,0,dlp-first,33.8665
idle,SCHED_OTHER,0,dlp-first,38.7659
idle,SCHED_OTHER,0,dlp-first,46.4162
idle,SCHED_OTHER,0,dlp-first,45.7868
idle,SCHED_OTHER,0,dlp-first,36.8463
idle,SCHED_OTHER,0,dlp-first,41.9310
idle,SCHED_OTHER,0,dlp-first,34.5975
idle,SCHED_OTHER,0,dlp-first,45.9701
idle,SCHED_OTHER,0,dlp-first,49.0237
idle,SCHED_OTHER,0,dlp-first,33.5339
idle,SCHED_OTHER,0,dlp-first,24.5099
idle,SCHED_OTHER,0,dlp-first,30.4482
idle,SCHED_OTHER,0,dlp-first,32.7319
idle,SCHED_OTHER,0,dlp-first,34.8110
idle,SCHED_OTHER,0,dlp-first,55.3602
idle,SCHED_OTHER,0,dlp-first,37.5771
idle,SCHED_OTHER,0,dlp-first,59.2914
idle,SCHED_OTHER,0,dlp-first,47.0234
idle,SCHED_OTHER,0,dlp-first,53.4341
idle,SCHED_OTHER,0,dlp-first,49.2184
idle,SCHED_OTHER,0,dlp-first,44.5654
idle,SCHED_OTHER,0,dlp-first,45.1828
idle,SCHED_OTHER,0,dlp-first,50.0580
idle,SCHED_OTHER,0,dlp-first,39.1047
idle,SCHED_OTHER,0,dlp-first,43.9654
idle,SCHED_OTHER,0,dlp-first,45.4644
idle,SCHED_OTHER,0,dlp-first,38.7839
idle,SCHED_OTHER,0,dlp-first,39.7476
idle,SCHED_OTHER,0,dlp-first,49.0143
idle,SCHED_OTHER,0,dlp-first,57.3612
idle,SCHED_OTHER,0,dlp-first,45.9097
idle,SCHED_OTHER,0,dlp-first,36.7075
idle,SCHED_OTHER,0,dlp-first,37.0134
idle,SCHED_OTHER,0,dlp-first,46.1175
idle,SCHED_OTHER,0,dlp-first,49.2194
idle,SCHED_OTHER,0,dlp-first,50.3594
idle,SCHED_OTHER,0,dlp-first,30.3127
idle,SCHED_OTHER,0,dlp-first,34.6545
idle,SCHED_OTHER,0,dlp-first,43.5163
idle,SCHED_OTHER,0,dlp-first,22.3321
idle,SCHED_OTHER,0,dlp-first,31.2995
idle,SCHED_OTHER,0,dlp-first,36.4053
idle,SCHED_OTHER,0,dlp-first,54.2501
idle,SCHED_OTHER,0,dlp-first,29.9881
idle,SCHED_OTHER,0,dlp-first,48.5414
idle,SCHED_OTHER,0,dlp-first,40.0507
idle,SCHED_OTHER,0,dlp-first,44.0495
idle,SCHED_OTHER,0,dlp-first,36.5745
idle,SCHED_OTHER,0,dlp-first,46.1788
idle,SCHED_OTHER,0,dlp-first,61.1766
idle,SCHED_OTHER,0,dlp-first,105.2328
idle,SCHED_OTHER,0,dlp-first,36.0301
idle,SCHED_OTHER,0,dlp-first,35.8234
idle,SCHED_OTHER,0,dlp-first,36.2194
idle,SCHED_OTHER,0,dlp-first,38.5842
idle,SCHED_OTHER,0,dlp-first,34.3452
idle,SCHED_OTHER,0,dlp-first,38.1014
idle,SCHED_OTHER,0,dlp-first,30.6287
idle,SCHED_OTHER,0,dlp-first,24.4388
idle,SCHED_OTHER,0,dlp-first,40.1801
idle,SCHED_OTHER,0,dlp-first,48.8801
idle,SCHED_OTHER,0,dlp-first,48.3764
idle,SCHED_OTHER,0,dlp-first,38.0159
idle,SCHED_OTHER,0,dlp-first,53.0304
idle,SCHED_OTHER,0,dlp-first,110.5227
idle,SCHED_OTHER,0,dlp-first,48.2105
idle,SCHED_OTHER,0,dlp-first,33.5818
idle,SCHED_OTHER,0,dlp-first,48.2504
idle,SCHED_OTHER,0,dlp-first,63.7053
idle,SCHED_OTHER,0,dlp-first,42.8286
idle,SCHED_OTHER,0,dlp-first,47.9290
idle,SCHED_OTHER,0,dlp-first,41.7580
idle,SCHED_OTHER,0,dlp-first,42.2931
idle,SCHED_OTHER,0,dlp-first,42.6999
idle,SCHED_OTHER,0,dlp-first,55.7113
idle,SCHED_OTHER,0,dlp-first,50.9067
idle,SCHED_OTHER,0,dlp-first,43.2895
idle,SCHED_OTHER,0,dlp-first,38.0805
idle,SCHED_OTHER,0,dlp-first,35.1765
idle,SCHED_OTHER,0,dlp-first,35.7638
idle,SCHED_OTHER,0,dlp-first,36.9866
idle,SCHED_OTHER,0,dlp-first,38.3976
idle,SCHED_OTHER,0,dlp-first,35.5521
idle,SCHED_OTHER,0,dlp-first,49.9050
idle,SCHED_OTHER,0,dlp-first,46.3417
idle,SCHED_OTHER,0,dlp-first,33.6044
idle,SCHED_OTHER,0,dlp-first,36.6302
idle,SCHED_OTHER,0,dlp-first,53.1121
idle,SCHED_OTHER,0,dlp-first,37.0066
idle,SCHED_OTHER,0,dlp-first,29.0707
idle,SCHED_OTHER,0,dlp-first,35.4484
idle,SCHED_OTHER,0,dlp-first,42.8100
idle,SCHED_OTHER,0,dlp-first,48.2727
idle,SCHED_OTHER,0,dlp-first,34.9218
idle,SCHED_OTHER,0,dlp-first,38.0734
idle,SCHED_OTHER,0,dlp-first,18.4080
idle,SCHED_OTHER,0,dlp-first,40.5906
idle,SCHED_OTHER,0,dlp-first,36.2594
idle,SCHED_OTHER,0,dlp-first,44.7604
idle,SCHED_OTHER,0,dlp-first,37.6700
idle,SCHED_OTHER,0,dlp-first,50.7528
idle,SCHED_OTHER,0,dlp-first,28.3044
idle,SCHED_OTHER,0,dlp-first,53.3654
idle,SCHED_OTHER,0,dlp-first,30.2160
idle,SCHED_OTHER,0,dlp-first,33.3141
idle,SCHED_OTHER,0,dlp-first,35.4672
idle,SCHED_OTHER,0,dlp-first,37.5687
idle,SCHED_OTHER,0,dlp-first,51.6496
idle,SCHED_OTHER,0,dlp-first,31.1341
idle,SCHED_OTHER,0,dlp-first,36.9475
idle,SCHED_OTHER,0,dlp-first,36.9183
idle,SCHED_OTHER,0,dlp-first,35.8612
idle,SCHED_OTHER,0,dlp-first,33.0903
idle,SCHED_OTHER,0,dlp-first,31.9013
idle,SCHED_OTHER,0,dlp-first,42.2439
idle,SCHED_OTHER,0,dlp-first,42.7742
idle,SCHED_OTHER,0,dlp-first,36.9069
idle,SCHED_OTHER,0,dlp-first,34.3119
idle,SCHED_OTHER,0,dlp-first,45.4610
idle,SCHED_OTHER,0,dlp-first,29.3213
idle,SCHED_OTHER,0,dlp-first,33.7024
idle,SCHED_OTHER,0,dlp-first,50.1861
idle,SCHED_OTHER,0,dlp-first,31.0779
idle,SCHED_OTHER,0,dlp-first,21.9480
idle,SCHED_OTHER,0,dlp-first,32.2243
idle,SCHED_OTHER,0,dlp-first,44.1293
idle,SCHED_OTHER,0,dlp-first,35.8081
idle,SCHED_OTHER,0,dlp-first,47.8921
idle,SCHED_OTHER,0,dlp-first,30.8369
idle,SCHED_OTHER,0,dlp-first,30.2615
idle,SCHED_OTHER,0,dlp-first,44.3161
idle,SCHED_OTHER,0,dlp-first,39.9125
idle,SCHED_OTHER,0,dlp-first,34.2209
idle,SCHED_OTHER,0,dlp-first,36.5256
idle,SCHED_OTHER,0,dlp-first,30.1627
idle,SCHED_OTHER,0,dlp-first,43.2728
idle,SCHED_OTHER,0,dlp-first,35.6722
idle,SCHED_OTHER,0,dlp-first,36.0980
idle,SCHED_OTHER,0,dlp-first,31.0139
idle,SCHED_OTHER,0,dlp-first,32.3174
idle,SCHED_OTHER,0,dlp-first,33.4686
idle,SCHED_OTHER,0,dlp-first,48.9345
idle,SCHED_OTHER,0,dlp-first,38.8418
idle,SCHED_OTHER,0,dlp-first,44.6781
idle,SCHED_OTHER,0,dlp-first,32.4680
idle,SCHED_OTHER,0,dlp-first,43.7984
idle,SCHED_OTHER,0,dlp-first,55.7652
idle,SCHED_OTHER,0,dlp-first,32.6897
idle,SCHED_OTHER,0,dlp-first,41.5837
idle,SCHED_OTHER,0,dlp-first,39.7793
idle,SCHED_OTHER,0,dlp-first,55.0019
idle,SCHED_OTHER,0,dlp-first,27.9410
idle,SCHED_OTHER,0,dlp-first,41.1150
idle,SCHED_OTHER,0,dlp-first,23.6388
idle,SCHED_OTHER,0,dlp-first,39.0578
idle,SCHED_OTHER,0,dlp-first,20.7448
idle,SCHED_OTHER,0,dlp-first,35.9592
idle,SCHED_OTHER,0,dlp-first,38.8814
idle,SCHED_OTHER,0,dlp-first,27.7350
idle,SCHED_OTHER,0,dlp-first,44.6110
idle,SCHED_OTHER,0,dlp-first,38.1044
idle,SCHED_OTHER,0,dlp-first,47.8928
idle,SCHED_OTHER,0,dlp-first,35.0207
idle,SCHED_OTHER,0,dlp-first,39.8225
idle,SCHED_OTHER,0,dlp-first,40.1796
idle,SCHED_OTHER,0,dlp-first,39.1686
idle,SCHED_OTHER,0,dlp-first,54.2336
idle,SCHED_OTHER,0,dlp-first,67.0574
idle,SCHED_OTHER,0,dlp-first,40.2344
idle,SCHED_OTHER,0,dlp-first,43.4810
idle,SCHED_OTHER,0,dlp-first,39.9102
idle,SCHED_OTHER,0,dlp-first,35.1678
idle,SCHED_OTHER,0,dlp-first,39.1430
idle,SCHED_OTHER,0,dlp-first,39.2641
idle,SCHED_OTHER,0,dlp-first,36.9496
idle,SCHED_OTHER,0,dlp-first,38.4981
idle,SCHED_OTHER,0,dlp-first,53.2307
idle,SCHED_OTHER,0,dlp-first,36.6567
idle,SCHED_OTHER,0,dlp-first,51.0453
idle,SCHED_OTHER,0,dlp-first,20.5901
idle,SCHED_OTHER,0,dlp-first,36.9056
idle,SCHED_OTHER,0,dlp-first,47.4449
idle,SCHED_OTHER,0,dlp-first,33.9259
idle,SCHED_OTHER,0,dlp-first,44.8006
idle,SCHED_OTHER,0,dlp-first,38.1809
idle,SCHED_OTHER,0,dlp-first,43.4644
idle,SCHED_OTHER,0,dlp-first,33.8575
idle,SCHED_OTHER,0,dlp-first,29.8740
idle,SCHED_OTHER,0,dlp-first,33.0232
idle,SCHED_OTHER,0,dlp-first,40.8583
idle,SCHED_OTHER,0,dlp-first,44.5499
idle,SCHED_OTHER,0,dlp-first,35.7451
idle,SCHED_OTHER,0,dlp-first,40.3153
idle,SCHED_OTHER,0,dlp-first,58.3112
idle,SCHED_OTHER,0,dlp-first,29.8134
idle,SCHED_OTHER,0,dlp-first,46.2471
idle,SCHED_OTHER,0,dlp-first,41.8005
idle,SCHED_OTHER,0,dlp-first,36.3797
idle,SCHED_OTHER,0,dlp-first,36.6082
idle,SCHED_OTHER,0,dlp-first,32.9700
idle,SCHED_OTHER,0,dlp-first,39.2065
idle,SCHED_OTHER,0,dlp-first,25.4692
idle,SCHED_OTHER,0,dlp-first,57.8623
idle,SCHED_OTHER,0,dlp-first,40.9496
idle,SCHED_OTHER,0,dlp-first,32.4521
idle,SCHED_OTHER,0,dlp-first,26.6662
idle,SCHED_OTHER,0,dlp-first,44.3383
idle,SCHED_OTHER,0,dlp-first,45.2868
idle,SCHED_OTHER,0,dlp-first,39.1550
idle,SCHED_OTHER,0,dlp-first,38.6095
idle,SCHED_OTHER,0,dlp-first,15.7822
idle,SCHED_OTHER,0,dlp-first,32.0270
idle,SCHED_OTHER,0,dlp-first,35.7772
idle,SCHED_OTHER,0,dlp-first,34.2929
idle,SCHED_OTHER,0,dlp-first,32.6229
idle,SCHED_OTHER,0,dlp-first,40.1007
idle,SCHED_OTHER,0,dlp-first,34.4705
idle,SCHED_OTHER,0,dlp-first,55.5402
idle,SCHED_OTHER,0,dlp-first,52.2233
idle,SCHED_OTHER,0,dlp-first,36.1178
idle,SCHED_OTHER,0,dlp-first,31.4549
idle,SCHED_OTHER,0,dlp-first,42.9568
idle,SCHED_OTHER,0,dlp-first,42.0837
idle,SCHED_OTHER,0,dlp-first,31.6403
idle,SCHED_OTHER,0,dlp-first,29.2536
idle,SCHED_OTHER,0,dlp-first,41.6399
idle,SCHED_OTHER,0,dlp-first,94.7945
idle,SCHED_OTHER,0,dlp-first,53.4597
idle,SCHED_OTHER,0,dlp-first,48.8145
idle,SCHED_OTHER,0,dlp-first,34.1503
idle,SCHED_OTHER,0,dlp-first,37.7714
idle,SCHED_OTHER,0,dlp-first,52.7497
idle,SCHED_OTHER,0,dlp-first,38.1082
idle,SCHED_OTHER,0,dlp-first,40.8140
idle,SCHED_OTHER,0,dlp-first,29.2133
idle,SCHED_OTHER,0,dlp-first,26.8629
idle,SCHED_OTHER,0,dlp-first,25.5485
idle,SCHED_OTHER,0,dlp-first,27.0249
idle,SCHED_OTHER,0,dlp-first,47.3953
idle,SCHED_OTHER,0,dlp-first,52.9586
idle,SCHED_OTHER,0,dlp-first,32.2258
idle,SCHED_OTHER,0,dlp-first,41.1375
idle,SCHED_OTHER,0,dlp-first,34.2056
idle,SCHED_OTHER,0,dlp-first,40.1136
idle,SCHED_OTHER,0,dlp-first,34.7961
idle,SCHED_OTHER,0,dlp-first,32.5764
idle,SCHED_OTHER,0,dlp-first,36.6101
idle,SCHED_OTHER,0,dlp-first,33.3896
idle,SCHED_OTHER,0,dlp-first,42.8749
idle,SCHED_OTHER,0,dlp-first,41.2857
idle,SCHED_OTHER,0,dlp-first,23.9950
idle,SCHED_OTHER,0,dlp-first,30.4867
idle,SCHED_OTHER,0,dlp-first,40.5377
idle,SCHED_OTHER,0,dlp-first,36.7620
idle,SCHED_OTHER,0,dlp-first,41.2645
idle,SCHED_OTHER,0,dlp-first,38.5968
idle,SCHED_OTHER,0,dlp-first,44.2172
idle,SCHED_OTHER,0,dlp-first,38.3178
idle,SCHED_OTHER,0,dlp-first,35.9605
idle,SCHED_OTHER,0,dlp-first,54.8926
idle,SCHED_OTHER,0,dlp-first,37.9397
idle,SCHED_OTHER,0,dlp-first,38.0481
idle,SCHED_OTHER,0,dlp-first,34.5139
idle,SCHED_OTHER,0,dlp-first,103.5306
idle,SCHED_OTHER,0,dlp-first,38.9741
idle,SCHED_OTHER,0,dlp-first,27.9036
idle,SCHED_OTHER,0,dlp-first,30.1898
idle,SCHED_OTHER,0,dlp-first,46.0915
idle,SCHED_OTHER,0,dlp-first,30.6605
idle,SCHED_OTHER,0,dlp-first,43.8640
idle,SCHED_OTHER,0,dlp-first,28.3877
idle,SCHED_OTHER,0,dlp-first,46.2134
idle,SCHED_OTHER,0,dlp-first,42.4726
idle,SCHED_OTHER,0,dlp-first,26.9594
idle,SCHED_OTHER,0,dlp-first,35.5457
idle,SCHED_OTHER,0,dlp-first,37.9030
idle,SCHED_OTHER,0,dlp-first,33.7294
idle,SCHED_OTHER,0,dlp-first,38.7546
idle,SCHED_OTHER,0,dlp-first,36.8988
idle,SCHED_OTHER,0,dlp-first,54.5041
idle,SCHED_OTHER,0,dlp-first,35.5041
idle,SCHED_OTHER,0,dlp-first,35.0277
idle,SCHED_OTHER,0,dlp-first,43.6105
idle,SCHED_OTHER,0,dlp-first,46.3887
idle,SCHED_OTHER,0,dlp-first,45.6966
idle,SCHED_OTHER,0,dlp-first,28.4685
idle,SCHED_OTHER,0,dlp-first,60.8339
idle,SCHED_OTHER,0,dlp-first,45.1356
idle,SCHED_OTHER,0,dlp-first,55.9765
idle,SCHED_OTHER,0,dlp-first,40.2438
idle,SCHED_OTHER,0,dlp-first,40.3081
idle,SCHED_OTHER,0,dlp-first,45.7819
idle,SCHED_OTHER,0,dlp-first,32.9920
idle,SCHED_OTHER,0,dlp-first,35.0278
idle,SCHED_OTHER,0,dlp-first,37.1619
idle,SCHED_OTHER,0,dlp-first,41.5919
idle,SCHED_OTHER,0,dlp-first,37.0289
idle,SCHED_OTHER,0,dlp-first,63.6636
idle,SCHED_OTHER,0,dlp-first,29.7936
idle,SCHED_OTHER,0,dlp-first,36.3568
idle,SCHED_OTHER,0,dlp-first,48.1623
idle,SCHED_OTHER,0,dlp-first,26.6139
idle,SCHED_OTHER,0,dlp-first,48.0962
idle,SCHED_OTHER,0,dlp-first,48.6206
idle,SCHED_OTHER,0,dlp-first,40.0208
idle,SCHED_OTHER,0,dlp-first,28.4305
idle,SCHED_OTHER,0,dlp-first,38.7613
idle,SCHED_OTHER,0,dlp-first,36.5927
idle,SCHED_OTHER,0,dlp-first,33.0532
idle,SCHED_OTHER,0,dlp-first,32.9619
idle,SCHED_OTHER,0,dlp-first,31.1382
idle,SCHED_OTHER,0,dlp-first,39.0560
idle,SCHED_OTHER,0,dlp-first,34.1213
idle,SCHED_OTHER,0,dlp-first,32.3188
idle,SCHED_OTHER,0,dlp-first,34.5908
idle,SCHED_OTHER,0,dlp-first,28.0359
idle,SCHED_OTHER,0,dlp-first,35.7278
idle,SCHED_OTHER,0,dlp-first,41.2278
idle,SCHED_OTHER,0,dlp-first,45.3674
idle,SCHED_OTHER,0,dlp-first,48.6047
idle,SCHED_OTHER,0,dlp-first,51.9332
idle,SCHED_OTHER,0,dlp-first,60.6143
idle,SCHED_OTHER,0,dlp-first,32.0552
idle,SCHED_OTHER,0,dlp-first,36.9399
idle,SCHED_OTHER,0,dlp-first,35.5008
idle,SCHED_OTHER,0,dlp-first,38.1062
idle,SCHED_OTHER,0,dlp-first,44.3643
idle,SCHED_OTHER,0,dlp-first,36.4249
idle,SCHED_OTHER,0,dlp-first,44.6864
idle,SCHED_OTHER,0,dlp-first,46.0335
idle,SCHED_OTHER,0,dlp-first,44.1486
idle,SCHED_OTHER,0,dlp-first,15.2652
idle,SCHED_OTHER,0,dlp-first,63.1799
idle,SCHED_OTHER,0,dlp-first,59.2434
idle,SCHED_OTHER,0,dlp-first,32.9739
idle,SCHED_OTHER,0,dlp-first,37.3375
idle,SCHED_OTHER,0,dlp-first,32.4126
idle,SCHED_OTHER,0,dlp-first,36.7551
idle,SCHED_OTHER,0,dlp-first,43.6677
idle,SCHED_OTHER,0,dlp-first,32.3284
idle,SCHED_OTHER,0,dlp-first,35.9335
idle,SCHED_OTHER,0,dlp-first,46.7306
idle,SCHED_OTHER,0,dlp-first,37.9058
idle,SCHED_OTHER,0,dlp-first,41.1025
idle,SCHED_OTHER,0,dlp-first,107.7882
idle,SCHED_OTHER,0,dlp-first,55.2184
idle,SCHED_OTHER,0,dlp-first,55.5646
idle,SCHED_OTHER,0,dlp-first,40.9333
idle,SCHED_OTHER,0,dlp-first,49.2675
idle,SCHED_OTHER,0,dlp-first,53.5386
idle,SCHED_OTHER,0,dlp-first,37.2169
idle,SCHED_OTHER,0,dlp-first,41.1025
idle,SCHED_OTHER,0,dlp-first,37.6719
idle,SCHED_OTHER,0,dlp-first,40.9917
idle,SCHED_OTHER,0,dlp-first,43.3166
idle,SCHED_OTHER,0,dlp-first,59.8087
idle,SCHED_OTHER,0,dlp-first,40.1149
idle,SCHED_OTHER,0,dlp-first,50.1040
idle,SCHED_OTHER,0,dlp-first,24.5568
idle,SCHED_OTHER,0,dlp-first,46.3073
idle,SCHED_OTHER,0,dlp-first,59.7587
idle,SCHED_OTHER,0,dlp-first,43.2979
idle,SCHED_OTHER,0,dlp-first,40.3439
idle,SCHED_OTHER,0,dlp-first,45.7698
idle,SCHED_OTHER,0,dlp-first,58.5974
idle,SCHED_OTHER,0,dlp-first,50.5017
idle,SCHED_OTHER,0,dlp-first,50.2484
idle,SCHED_OTHER,0,dlp-first,32.5645
idle,SCHED_OTHER,0,dlp-first,37.1425
idle,SCHED_OTHER,0,dlp-first,57.6535
idle,SCHED_OTHER,0,dlp-first,52.5668
idle,SCHED_OTHER,0,dlp-first,61.9906
idle,SCHED_OTHER,0,dlp-first,32.5486
idle,SCHED_OTHER,0,dlp-first,39.3367
idle,SCHED_OTHER,0,dlp-first,43.3377
idle,SCHED_OTHER,0,dlp-first,20.2179
idle,SCHED_OTHER,0,dlp-first,42.8793
idle,SCHED_OTHER,0,dlp-first,37.2420
idle,SCHED_OTHER,0,dlp-first,29.6241
idle,SCHED_OTHER,0,dlp-first,37.0669
idle,SCHED_OTHER,0,dlp-first,56.6150
idle,SCHED_OTHER,0,dlp-first,47.3065
idle,SCHED_OTHER,0,dlp-first,46.3969
idle,SCHED_OTHER,0,dlp-first,51.8747
idle,SCHED_OTHER,0,dlp-first,28.8635
idle,SCHED_OTHER,0,dlp-first,26.8134
idle,SCHED_OTHER,0,dlp-first,32.6126
idle,SCHED_OTHER,0,dlp-first,39.9229
idle,SCHED_OTHER,0,dlp-first,34.6290
idle,SCHED_OTHER,0,dlp-first,45.7258
idle,SCHED_OTHER,0,dlp-first,56.7833
idle,SCHED_OTHER,0,dlp-first,39.6851
idle,SCHED_OTHER,0,dlp-first,56.9246
idle,SCHED_OTHER,0,dlp-first,35.9526
idle,SCHED_OTHER,0,dlp-first,36.4379
idle,SCHED_OTHER,0,dlp-first,108.1129
idle,SCHED_OTHER,0,dlp-first,40.9928
idle,SCHED_OTHER,0,dlp-first,25.4679
idle,SCHED_OTHER,0,dlp-first,34.6459
idle,SCHED_OTHER,0,dlp-first,43.6305
idle,SCHED_OTHER,0,dlp-first,31.9954
idle,SCHED_OTHER,0,dlp-first,34.2849
idle,SCHED_OTHER,0,dlp-first,28.7557
idle,SCHED_OTHER,0,dlp-first,28.0336
idle,SCHED_OTHER,0,dlp-first,31.9563
idle,SCHED_OTHER,0,dlp-first,27.0455
idle,SCHED_OTHER,0,dlp-first,46.9772
idle,SCHED_OTHER,0,dlp-first,32.8666
idle,SCHED_OTHER,0,dlp-first,42.9663
idle,SCHED_OTHER,0,dlp-first,120.0348
idle,SCHED_OTHER,0,dlp-first,32.5539
idle,SCHED_OTHER,0,dlp-first,33.6260
idle,SCHED_OTHER,0,dlp-first,29.2116
idle,SCHED_OTHER,0,dlp-first,42.1843
idle,SCHED_OTHER,0,dlp-first,35.4891
idle,SCHED_OTHER,0,dlp-first,45.4839
idle,SCHED_OTHER,0,dlp-first,29.8735
idle,SCHED_OTHER,0,dlp-first,35.2386
idle,SCHED_OTHER,0,dlp-first,30.9372
idle,SCHED_OTHER,0,dlp-first,24.9321
idle,SCHED_OTHER,0,dlp-first,33.7979
idle,SCHED_OTHER,0,dlp-first,34.9803
idle,SCHED_OTHER,0,dlp-first,27.2096
idle,SCHED_OTHER,0,dlp-first,25.1116
idle,SCHED_OTHER,0,dlp-first,33.1705
idle,SCHED_OTHER,0,dlp-first,42.8796
idle,SCHED_OTHER,0,dlp-first,52.5971
idle,SCHED_OTHER,0,dlp-first,49.0980
idle,SCHED_OTHER,0,dlp-first,45.0579
idle,SCHED_OTHER,0,dlp-first,41.9183
idle,SCHED_OTHER,0,dlp-first,48.6112
idle,SCHED_OTHER,0,dlp-first,35.5232
idle,SCHED_OTHER,0,dlp-first,35.1842
idle,SCHED_OTHER,0,dlp-first,35.1910
idle,SCHED_OTHER,0,dlp-first,36.7337
idle,SCHED_OTHER,0,dlp-first,30.3310
idle,SCHED_OTHER,0,dlp-first,47.4827
idle,SCHED_OTHER,0,dlp-first,35.2748
idle,SCHED_OTHER,0,dlp-first,46.1846
idle,SCHED_OTHER,0,dlp-first,40.0129
idle,SCHED_OTHER,0,dlp-first,119.4206
idle,SCHED_OTHER,0,dlp-first,29.6844
idle,SCHED_OTHER,0,dlp-first,41.1649
idle,SCHED_OTHER,0,dlp-first,56.3064
idle,SCHED_OTHER,0,dlp-first,36.5213
idle,SCHED_OTHER,0,dlp-first,47.7759
idle,SCHED_OTHER,0,dlp-first,41.2648
idle,SCHED_OTHER,0,dlp-first,41.1322
idle,SCHED_OTHER,0,dlp-first,27.9604
idle,SCHED_OTHER,0,dlp-first,44.2730
idle,SCHED_OTHER,0,dlp-first,51.9081
idle,SCHED_OTHER,0,dlp-first,37.9556
idle,SCHED_OTHER,0,dlp-first,35.7730
idle,SCHED_OTHER,0,dlp-first,42.8927
idle,SCHED_OTHER,0,dlp-first,49.1946
idle,SCHED_OTHER,0,dlp-first,20.1797
idle,SCHED_OTHER,0,dlp-first,37.9390
idle,SCHED_OTHER,0,dlp-first,48.0575
idle,SCHED_OTHER,0,dlp-first,40.9978
idle,SCHED_OTHER,0,dlp-first,26.4621
idle,SCHED_OTHER,0,dlp-first,41.5703
idle,SCHED_OTHER,0,dlp-first,35.6453
idle,SCHED_OTHER,0,dlp-first,39.5307
idle,SCHED_OTHER,0,dlp-first,29.8353
idle,SCHED_OTHER,0,dlp-first,34.1115
idle,SCHED_OTHER,0,dlp-first,43.4589
idle,SCHED_OTHER,0,dlp-first,31.8780
idle,SCHED_OTHER,0,dlp-first,51.6786
idle,SCHED_OTHER,0,dlp-first,48.5072
idle,SCHED_OTHER,0,dlp-first,42.2704
idle,SCHED_OTHER,0,dlp-first,44.8441
idle,SCHED_OTHER,0,dlp-first,39.1219
idle,SCHED_OTHER,0,dlp-first,34.0665
idle,SCHED_OTHER,0,dlp-first,48.4052
idle,SCHED_OTHER,0,dlp-first,32.7290
idle,SCHED_OTHER,0,dlp-first,34.6968
idle,SCHED_OTHER,0,dlp-first,40.1409
idle,SCHED_OTHER,0,dlp-first,52.6698
idle,SCHED_OTHER,0,dlp-first,46.6824
idle,SCHED_OTHER,0,dlp-first,36.4038
idle,SCHED_OTHER,0,dlp-first,33.1923
idle,SCHED_OTHER,0,dlp-first,39.4176
idle,SCHED_OTHER,0,dlp-first,46.1956
idle,SCHED_OTHER,0,dlp-first,44.8896
idle,SCHED_OTHER,0,dlp-first,24.7043
idle,SCHED_OTHER,0,dlp-first,35.6818
idle,SCHED_OTHER,0,dlp-first,33.5590
idle,SCHED_OTHER,0,dlp-first,54.8395
idle,SCHED_OTHER,0,dlp-first,43.2626
idle,SCHED_OTHER,0,dlp-first,41.1174
idle,SCHED_OTHER,0,dlp-first,32.9024
idle,SCHED_OTHER,0,dlp-first,36.4983
idle,SCHED_OTHER,0,dlp-first,32.6313
idle,SCHED_OTHER,0,dlp-first,42.0543
idle,SCHED_OTHER,0,dlp-first,35.9307
idle,SCHED_OTHER,0,dlp-first,36.0241
idle,SCHED_OTHER,0,dlp-first,35.2753
idle,SCHED_OTHER,0,dlp-first,33.8808
idle,SCHED_OTHER,0,dlp-first,42.7502
idle,SCHED_OTHER,0,dlp-first,43.5948
idle,SCHED_OTHER,0,dlp-first,37.2163
idle,SCHED_OTHER,0,dlp-first,33.3976
idle,SCHED_OTHER,0,dlp-first,26.5124
idle,SCHED_OTHER,0,dlp-first,31.4138
idle,SCHED_OTHER,0,dlp-first,37.5873
idle,SCHED_OTHER,0,dlp-first,28.5548
idle,SCHED_OTHER,0,dlp-first,42.5571
idle,SCHED_OTHER,0,dlp-first,34.0321
idle,SCHED_OTHER,0,dlp-first,43.3709
idle,SCHED_OTHER,0,dlp-first,36.5677
idle,SCHED_OTHER,0,dlp-first,37.7985
idle,SCHED_OTHER,0,dlp-first,33.0025
idle,SCHED_OTHER,0,dlp-first,35.7195
idle,SCHED_OTHER,0,dlp-first,38.6000
idle,SCHED_OTHER,0,dlp-first,38.7852
idle,SCHED_OTHER,0,dlp-first,27.3524
idle,SCHED_OTHER,0,dlp-first,36.6252
idle,SCHED_OTHER,0,dlp-first,34.5978
idle,SCHED_OTHER,0,dlp-first,24.4427
idle,SCHED_OTHER,0,dlp-first,40.0519
idle,SCHED_OTHER,0,dlp-first,29.7596
idle,SCHED_OTHER,0,dlp-first,26.3725
idle,SCHED_OTHER,0,dlp-first,42.7558
idle,SCHED_OTHER,0,dlp-first,43.1846
idle,SCHED_OTHER,0,dlp-first,20.9258
idle,SCHED_OTHER,0,dlp-first,49.5369
idle,SCHED_OTHER,0,dlp-first,55.4318
idle,SCHED_OTHER,0,dlp-first,41.7896
idle,SCHED_OTHER,0,dlp-first,38.0263
idle,SCHED_OTHER,0,dlp-first,28.8265
idle,SCHED_OTHER,0,dlp-first,36.2256
idle,SCHED_OTHER,0,dlp-first,40.2027
idle,SCHED_OTHER,0,dlp-first,44.9671
idle,SCHED_OTHER,0,dlp-first,26.4657
idle,SCHED_OTHER,0,dlp-first,36.1486
idle,SCHED_OTHER,0,dlp-first,33.6558
idle,SCHED_OTHER,0,dlp-first,30.1398
idle,SCHED_OTHER,0,dlp-first,30.1292
idle,SCHED_OTHER,0,dlp-first,49.3250
idle,SCHED_OTHER,0,dlp-first,36.2575
idle,SCHED_OTHER,0,dlp-first,41.3839
idle,SCHED_OTHER,0,dlp-first,47.7146
idle,SCHED_OTHER,0,dlp-first,27.9300
idle,SCHED_OTHER,0,dlp-first,40.4099
idle,SCHED_OTHER,0,dlp-first,48.6722
idle,SCHED_OTHER,0,dlp-first,30.4903
idle,SCHED_OTHER,0,dlp-first,42.0655
idle,SCHED_OTHER,0,dlp-first,35.1846
idle,SCHED_OTHER,0,dlp-first,44.5255
idle,SCHED_OTHER,0,dlp-first,33.2224
idle,SCHED_OTHER,0,dlp-first,46.9939
idle,SCHED_OTHER,0,dlp-first,42.6511
idle,SCHED_OTHER,0,dlp-first,39.0318
idle,SCHED_OTHER,0,dlp-first,49.3230
idle,SCHED_OTHER,0,dlp-first,32.6626
idle,SCHED_OTHER,0,dlp-first,41.7369
idle,SCHED_OTHER,0,dlp-first,32.6100
idle,SCHED_OTHER,0,dlp-first,41.4391
idle,SCHED_OTHER,0,dlp-first,36.1379
idle,SCHED_OTHER,0,dlp-first,34.9884
idle,SCHED_OTHER,0,dlp-first,28.0180
idle,SCHED_OTHER,0,dlp-first,38.1886
idle,SCHED_OTHER,0,dlp-first,45.3397
idle,SCHED_OTHER,0,dlp-first,36.1061
idle,SCHED_OTHER,0,dlp-first,46.5966
idle,SCHED_OTHER,0,dlp-first,28.7871
idle,SCHED_OTHER,0,dlp-first,65.4242
idle,SCHED_OTHER,0,dlp-first,46.5791
idle,SCHED_OTHER,0,dlp-first,38.4447
idle,SCHED_OTHER,0,dlp-first,33.2598
idle,SCHED_OTHER,0,dlp-first,20.4429
idle,SCHED_OTHER,0,dlp-first,31.8362
idle,SCHED_OTHER,0,dlp-first,32.3786
idle,SCHED_OTHER,0,dlp-first,26.7929
idle,SCHED_OTHER,0,dlp-first,35.9148
idle,SCHED_OTHER,0,dlp-first,34.9071
idle,SCHED_OTHER,0,dlp-first,60.0708
idle,SCHED_OTHER,0,dlp-first,43.9981
idle,SCHED_OTHER,0,dlp-first,42.4301
idle,SCHED_OTHER,0,dlp-first,33.4798
idle,SCHED_OTHER,0,dlp-first,37.4841
idle,SCHED_OTHER,0,dlp-first,47.9248
idle,SCHED_OTHER,0,dlp-first,41.6268
idle,SCHED_OTHER,0,dlp-first,50.6957
idle,SCHED_OTHER,0,dlp-first,23.3268
idle,SCHED_OTHER,0,dlp-first,35.7089
idle,SCHED_OTHER,0,dlp-first,59.9296
idle,SCHED_OTHER,0,dlp-first,50.7062
idle,SCHED_OTHER,0,dlp-first,48.2572
idle,SCHED_OTHER,0,dlp-first,42.2692
idle,SCHED_OTHER,0,dlp-first,38.6775
idle,SCHED_OTHER,0,dlp-first,43.7340
idle,SCHED_OTHER,0,dlp-first,25.7238
idle,SCHED_OTHER,0,dlp-first,45.8517
idle,SCHED_OTHER,0,dlp-first,31.2787
idle,SCHED_OTHER,0,dlp-first,35.5032
idle,SCHED_OTHER,0,dlp-first,47.8280
idle,SCHED_OTHER,0,dlp-first,38.5660
idle,SCHED_OTHER,0,dlp-first,32.3816
idle,SCHED_OTHER,0,dlp-first,36.7533
idle,SCHED_OTHER,0,dlp-first,32.5542
idle,SCHED_OTHER,0,dlp-first,39.8346
idle,SCHED_OTHER,0,dlp-first,35.6215
idle,SCHED_OTHER,0,dlp-first,43.3475
idle,SCHED_OTHER,0,dlp-first,41.0289
idle,SCHED_OTHER,0,dlp-first,30.3851
idle,SCHED_OTHER,0,dlp-first,37.5849
idle,SCHED_OTHER,0,dlp-first,53.1953
idle,SCHED_OTHER,0,dlp-first,39.6741
idle,SCHED_OTHER,0,dlp-first,44.7583
idle,SCHED_OTHER,0,dlp-first,48.8267
idle,SCHED_OTHER,0,dlp-first,37.2005
idle,SCHED_OTHER,0,dlp-first,33.0969
idle,SCHED_OTHER,0,dlp-first,22.2778
idle,SCHED_OTHER,0,dlp-first,38.5247
idle,SCHED_OTHER,0,dlp-first,30.8254
idle,SCHED_OTHER,0,dlp-first,35.8760
idle,SCHED_OTHER,0,dlp-first,48.4226
idle,SCHED_OTHER,0,dlp-first,30.9988
idle,SCHED_OTHER,0,dlp-first,36.1614
idle,SCHED_OTHER,0,dlp-first,34.9192
idle,SCHED_OTHER,0,dlp-first,0.0604
idle,SCHED_OTHER,0,dlp-first,44.2890
idle,SCHED_OTHER,0,dlp-first,39.5107
idle,SCHED_OTHER,0,dlp-first,36.9133
idle,SCHED_OTHER,0,dlp-first,33.4731
idle,SCHED_OTHER,0,dlp-first,37.5715
idle,SCHED_OTHER,0,dlp-first,26.0438
idle,SCHED_OTHER,0,dlp-first,52.4039
idle,SCHED_OTHER,0,dlp-first,38.4581
idle,SCHED_OTHER,0,dlp-first,32.7610
idle,SCHED_OTHER,0,dlp-first,37.1469
idle,SCHED_OTHER,0,dlp-first,46.4255
idle,SCHED_OTHER,0,dlp-first,39.4140
idle,SCHED_OTHER,0,dlp-first,44.7054
idle,SCHED_OTHER,0,dlp-first,26.6118
idle,SCHED_OTHER,0,dlp-first,32.6670
idle,SCHED_OTHER,0,dlp-first,33.1931
idle,SCHED_OTHER,0,dlp-first,43.4584
idle,SCHED_OTHER,0,dlp-first,49.5119
idle,SCHED_OTHER,0,dlp-first,22.6267
idle,SCHED_OTHER,0,dlp-first,46.6444
idle,SCHED_OTHER,0,dlp-first,35.1502
idle,SCHED_OTHER,0,dlp-first,44.7151
idle,SCHED_OTHER,0,dlp-first,39.4332
idle,SCHED_OTHER,0,dlp-first,32.7007
idle,SCHED_OTHER,0,dlp-first,106.1549
idle,SCHED_OTHER,0,dlp-first,46.0188
idle,SCHED_OTHER,0,dlp-first,35.5226
idle,SCHED_OTHER,0,dlp-first,39.2780
idle,SCHED_OTHER,0,dlp-first,34.9113
idle,SCHED_OTHER,0,dlp-first,40.4891
idle,SCHED_OTHER,0,dlp-first,41.3116
idle,SCHED_OTHER,0,dlp-first,103.6228
idle,SCHED_OTHER,0,dlp-first,50.4887
idle,SCHED_OTHER,0,dlp-first,47.9606
idle,SCHED_OTHER,0,dlp-first,35.6047
idle,SCHED_OTHER,0,dlp-first,35.8546
idle,SCHED_OTHER,0,dlp-first,38.3175
idle,SCHED_OTHER,0,dlp-first,42.7654
idle,SCHED_OTHER,0,dlp-first,33.0782
idle,SCHED_OTHER,0,dlp-first,33.9760
idle,SCHED_OTHER,0,dlp-first,32.0185
idle,SCHED_OTHER,0,dlp-first,57.0132
idle,SCHED_OTHER,0,dlp-first,37.3220
idle,SCHED_OTHER,0,dlp-first,31.2295
idle,SCHED_OTHER,0,dlp-first,33.7574
idle,SCHED_OTHER,0,dlp-first,28.9100
idle,SCHED_OTHER,0,dlp-first,25.9888
idle,SCHED_OTHER,0,dlp-first,41.1826
idle,SCHED_OTHER,0,dlp-first,36.9943
idle,SCHED_OTHER,0,dlp-first,35.8688
idle,SCHED_OTHER,0,dlp-first,33.4262
idle,SCHED_OTHER,0,dlp-first,36.4485
idle,SCHED_OTHER,0,dlp-first,45.9685
idle,SCHED_OTHER,0,dlp-first,45.5762
idle,SCHED_OTHER,0,dlp-first,51.5120
idle,SCHED_OTHER,0,dlp-first,46.8474
idle,SCHED_OTHER,0,dlp-first,36.6724
idle,SCHED_OTHER,0,dlp-first,32.3953
idle,SCHED_OTHER,0,dlp-first,29.0018
idle,SCHED_OTHER,0,dlp-first,37.4066
idle,SCHED_OTHER,0,dlp-first,38.8284
idle,SCHED_OTHER,0,dlp-first,31.5543
idle,SCHED_OTHER,0,dlp-first,30.8588
idle,SCHED_OTHER,0,dlp-first,112.1493
idle,SCHED_OTHER,0,dlp-first,50.7821
idle,SCHED_OTHER,0,dlp-first,30.4088
idle,SCHED_OTHER,0,dlp-first,37.3246
idle,SCHED_OTHER,0,dlp-first,38.2444
idle,SCHED_OTHER,0,dlp-first,38.5623
idle,SCHED_OTHER,0,dlp-first,40.6193
idle,SCHED_OTHER,0,dlp-first,32.4807
idle,SCHED_OTHER,0,dlp-first,39.5332
idle,SCHED_OTHER,0,dlp-first,25.0796
idle,SCHED_OTHER,0,dlp-first,40.2043
idle,SCHED_OTHER,0,dlp-first,47.6625
idle,SCHED_OTHER,0,dlp-first,42.5331
idle,SCHED_OTHER,0,dlp-first,41.4439
idle,SCHED_OTHER,0,dlp-first,41.1050
idle,SCHED_OTHER,0,dlp-first,26.4151
idle,SCHED_OTHER,0,dlp-first,26.7356
idle,SCHED_OTHER,0,dlp-first,27.2164
idle,SCHED_OTHER,0,dlp-first,39.8296
idle,SCHED_OTHER,0,dlp-first,42.3601
idle,SCHED_OTHER,0,dlp-first,32.6177
idle,SCHED_OTHER,0,dlp-first,31.1333
idle,SCHED_OTHER,0,dlp-first,57.1638
idle,SCHED_OTHER,0,dlp-first,35.7150
idle,SCHED_OTHER,0,dlp-first,42.6251
idle,SCHED_OTHER,0,dlp-first,27.4444
idle,SCHED_OTHER,0,dlp-first,37.8485
idle,SCHED_OTHER,0,dlp-first,44.2182
idle,SCHED_OTHER,0,dlp-first,27.5538
idle,SCHED_OTHER,0,dlp-first,43.9145
idle,SCHED_OTHER,0,dlp-first,40.5249
idle,SCHED_OTHER,0,dlp-first,29.7986
idle,SCHED_OTHER,0,dlp-first,31.6428
idle,SCHED_OTHER,0,dlp-first,40.6387
idle,SCHED_OTHER,0,dlp-first,35.4109
idle,SCHED_OTHER,0,dlp-first,39.5957
idle,SCHED_OTHER,0,dlp-first,33.0880
idle,SCHED_OTHER,0,dlp-first,31.8029
idle,SCHED_OTHER,0,dlp-first,36.2950
idle,SCHED_OTHER,0,dlp-first,32.5842
idle,SCHED_OTHER,0,dlp-first,35.7436
idle,SCHED_OTHER,0,dlp-first,38.6184
idle,SCHED_OTHER,0,dlp-first,95.2758
idle,SCHED_OTHER,0,dlp-first,37.4117
idle,SCHED_OTHER,0,dlp-first,36.5518
idle,SCHED_OTHER,0,dlp-first,41.4899
idle,SCHED_OTHER,0,dlp-first,38.9359
idle,SCHED_OTHER,0,dlp-first,46.2406
idle,SCHED_OTHER,0,dlp-first,23.0828
idle,SCHED_OTHER,0,dlp-first,35.8704
idle,SCHED_OTHER,0,dlp-first,37.7419
idle,SCHED_OTHER,0,dlp-first,28.5557
idle,SCHED_OTHER,0,dlp-first,48.4188
idle,SCHED_OTHER,0,dlp-first,44.0122
idle,SCHED_OTHER,0,dlp-first,37.8280
idle,SCHED_OTHER,0,dlp-first,46.0079
idle,SCHED_OTHER,0,dlp-first,32.0350
idle,SCHED_OTHER,0,dlp-first,37.3744
idle,SCHED_OTHER,0,dlp-first,42.4818
idle,SCHED_OTHER,0,box-first,63.8269
idle,SCHED_OTHER,0,box-first,6.7579
idle,SCHED_OTHER,0,box-first,26.9310
idle,SCHED_OTHER,0,box-first,35.2209
idle,SCHED_OTHER,0,box-first,20.1840
idle,SCHED_OTHER,0,box-first,17.6039
idle,SCHED_OTHER,0,box-first,16.8326
idle,SCHED_OTHER,0,box-first,13.4461
idle,SCHED_OTHER,0,box-first,26.7281
idle,SCHED_OTHER,0,box-first,11.8560
idle,SCHED_OTHER,0,box-first,11.6857
idle,SCHED_OTHER,0,box-first,16.7581
idle,SCHED_OTHER,0,box-first,16.5459
idle,SCHED_OTHER,0,box-first,63.0973
idle,SCHED_OTHER,0,box-first,11.5960
idle,SCHED_OTHER,0,box-first,15.6954
idle,SCHED_OTHER,0,box-first,18.2157
idle,SCHED_OTHER,0,box-first,32.5303
idle,SCHED_OTHER,0,box-first,6.8924
idle,SCHED_OTHER,0,box-first,22.6787
idle,SCHED_OTHER,0,box-first,11.6512
idle,SCHED_OTHER,0,box-first,43.1801
idle,SCHED_OTHER,0,box-first,32.1469
idle,SCHED_OTHER,0,box-first,10.9410
idle,SCHED_OTHER,0,box-first,33.4976
idle,SCHED_OTHER,0,box-first,16.0351
idle,SCHED_OTHER,0,box-first,12.4926
idle,SCHED_OTHER,0,box-first,21.7864
idle,SCHED_OTHER,0,box-first,24.5350
idle,SCHED_OTHER,0,box-first,20.1583
idle,SCHED_OTHER,0,box-first,13.0949
idle,SCHED_OTHER,0,box-first,11.2769
idle,SCHED_OTHER,0,box-first,32.9734
idle,SCHED_OTHER,0,box-first,12.8238
idle,SCHED_OTHER,0,box-first,14.9038
idle,SCHED_OTHER,0,box-first,6.7724
idle,SCHED_OTHER,0,box-first,16.8518
idle,SCHED_OTHER,0,box-first,13.5762
idle,SCHED_OTHER,0,box-first,15.2910
idle,SCHED_OTHER,0,box-first,14.4531
idle,SCHED_OTHER,0,box-first,23.2201
idle,SCHED_OTHER,0,box-first,8.2882
idle,SCHED_OTHER,0,box-first,82.2491
idle,SCHED_OTHER,0,box-first,12.7198
idle,SCHED_OTHER,0,box-first,25.1127
idle,SCHED_OTHER,0,box-first,11.7395
idle,SCHED_OTHER,0,box-first,32.7200
idle,SCHED_OTHER,0,box-first,14.4275
idle,SCHED_OTHER,0,box-first,19.9487
idle,SCHED_OTHER,0,box-first,28.9790
idle,SCHED_OTHER,0,box-first,17.2635
idle,SCHED_OTHER,0,box-first,19.9123
idle,SCHED_OTHER,0,box-first,16.2796
idle,SCHED_OTHER,0,box-first,16.3455
idle,SCHED_OTHER,0,box-first,25.8370
idle,SCHED_OTHER,0,box-first,13.3542
idle,SCHED_OTHER,0,box-first,15.5559
idle,SCHED_OTHER,0,box-first,18.8656
idle,SCHED_OTHER,0,box-first,6.8673
idle,SCHED_OTHER,0,box-first,18.7668
idle,SCHED_OTHER,0,box-first,8.7456
idle,SCHED_OTHER,0,box-first,36.0786
idle,SCHED_OTHER,0,box-first,19.8938
idle,SCHED_OTHER,0,box-first,20.1712
idle,SCHED_OTHER,0,box-first,21.0303
idle,SCHED_OTHER,0,box-first,33.0240
idle,SCHED_OTHER,0,box-first,19.0552
idle,SCHED_OTHER,0,box-first,80.4139
idle,SCHED_OTHER,0,box-first,37.6099
idle,SCHED_OTHER,0,box-first,20.3380
idle,SCHED_OTHER,0,box-first,27.9053
idle,SCHED_OTHER,0,box-first,22.6169
idle,SCHED_OTHER,0,box-first,63.0780
idle,SCHED_OTHER,0,box-first,27.8120
idle,SCHED_OTHER,0,box-first,21.5524
idle,SCHED_OTHER,0,box-first,32.6541
idle,SCHED_OTHER,0,box-first,20.0002
idle,SCHED_OTHER,0,box-first,15.4134
idle,SCHED_OTHER,0,box-first,72.2480
idle,SCHED_OTHER,0,box-first,42.8728
idle,SCHED_OTHER,0,box-first,16.8638
idle,SCHED_OTHER,0,box-first,31.4357
idle,SCHED_OTHER,0,box-first,10.6442
idle,SCHED_OTHER,0,box-first,76.1160
idle,SCHED_OTHER,0,box-first,18.1548
idle,SCHED_OTHER,0,box-first,28.4315
idle,SCHED_OTHER,0,box-first,37.3838
idle,SCHED_OTHER,0,box-first,13.2904
idle,SCHED_OTHER,0,box-first,30.4912
idle,SCHED_OTHER,0,box-first,31.9638
idle,SCHED_OTHER,0,box-first,19.4015
idle,SCHED_OTHER,0,box-first,17.1387
idle,SCHED_OTHER,0,box-first,17.8086
idle,SCHED_OTHER,0,box-first,23.6845
idle,SCHED_OTHER,0,box-first,90.2292
idle,SCHED_OTHER,0,box-first,22.3880
idle,SCHED_OTHER,0,box-first,22.8457
idle,SCHED_OTHER,0,box-first,45.7760
idle,SCHED_OTHER,0,box-first,10.7025
idle,SCHED_OTHER,0,box-first,38.7618
idle,SCHED_OTHER,0,box-first,14.8777
idle,SCHED_OTHER,0,box-first,12.2482
idle,SCHED_OTHER,0,box-first,15.7715
idle,SCHED_OTHER,0,box-first,21.1858
idle,SCHED_OTHER,0,box-first,8.3484
idle,SCHED_OTHER,0,box-first,8.9299
idle,SCHED_OTHER,0,box-first,27.8966
idle,SCHED_OTHER,0,box-first,15.5065
idle,SCHED_OTHER,0,box-first,33.9947
idle,SCHED_OTHER,0,box-first,48.9313
idle,SCHED_OTHER,0,box-first,9.9993
idle,SCHED_OTHER,0,box-first,13.4207
idle,SCHED_OTHER,0,box-first,10.5732
idle,SCHED_OTHER,0,box-first,32.3184
idle,SCHED_OTHER,0,box-first,25.3049
idle,SCHED_OTHER,0,box-first,16.4809
idle,SCHED_OTHER,0,box-first,11.4211
idle,SCHED_OTHER,0,box-first,27.0804
idle,SCHED_OTHER,0,box-first,90.5961
idle,SCHED_OTHER,0,box-first,19.8113
idle,SCHED_OTHER,0,box-first,24.2340
idle,SCHED_OTHER,0,box-first,38.7298
idle,SCHED_OTHER,0,box-first,29.3057
idle,SCHED_OTHER,0,box-first,25.2393
idle,SCHED_OTHER,0,box-first,57.6511
idle,SCHED_OTHER,0,box-first,24.6012
idle,SCHED_OTHER,0,box-first,27.8166
idle,SCHED_OTHER,0,box-first,34.5343
idle,SCHED_OTHER,0,box-first,26.7823
idle,SCHED_OTHER,0,box-first,32.7756
idle,SCHED_OTHER,0,box-first,15.1902
idle,SCHED_OTHER,0,box-first,11.9497
idle,SCHED_OTHER,0,box-first,24.6800
idle,SCHED_OTHER,0,box-first,28.2470
idle,SCHED_OTHER,0,box-first,21.7933
idle,SCHED_OTHER,0,box-first,13.7394
idle,SCHED_OTHER,0,box-first,43.8708
idle,SCHED_OTHER,0,box-first,27.5038
idle,SCHED_OTHER,0,box-first,20.1046
idle,SCHED_OTHER,0,box-first,13.7055
idle,SCHED_OTHER,0,box-first,20.4882
idle,SCHED_OTHER,0,box-first,24.3966
idle,SCHED_OTHER,0,box-first,23.9784
idle,SCHED_OTHER,0,box-first,8.7930
idle,SCHED_OTHER,0,box-first,31.5112
idle,SCHED_OTHER,0,box-first,24.8977
idle,SCHED_OTHER,0,box-first,18.0428
idle,SCHED_OTHER,0,box-first,14.9599
idle,SCHED_OTHER,0,box-first,10.4379
idle,SCHED_OTHER,0,box-first,26.0180
idle,SCHED_OTHER,0,box-first,21.6181
idle,SCHED_OTHER,0,box-first,16.8830
idle,SCHED_OTHER,0,box-first,18.7193
idle,SCHED_OTHER,0,box-first,18.0596
idle,SCHED_OTHER,0,box-first,25.7086
idle,SCHED_OTHER,0,box-first,18.6297
idle,SCHED_OTHER,0,box-first,8.1840
idle,SCHED_OTHER,0,box-first,26.2940
idle,SCHED_OTHER,0,box-first,17.0024
idle,SCHED_OTHER,0,box-first,24.0468
idle,SCHED_OTHER,0,box-first,32.4587
idle,SCHED_OTHER,0,box-first,30.7898
idle,SCHED_OTHER,0,box-first,44.4264
idle,SCHED_OTHER,0,box-first,17.8348
idle,SCHED_OTHER,0,box-first,31.1984
idle,SCHED_OTHER,0,box-first,18.1400
idle,SCHED_OTHER,0,box-first,11.9883
idle,SCHED_OTHER,0,box-first,18.8559
idle,SCHED_OTHER,0,box-first,72.2509
idle,SCHED_OTHER,0,box-first,12.5895
idle,SCHED_OTHER,0,box-first,12.2277
idle,SCHED_OTHER,0,box-first,10.6453
idle,SCHED_OTHER,0,box-first,18.6822
idle,SCHED_OTHER,0,box-first,15.2732
idle,SCHED_OTHER,0,box-first,10.7091
idle,SCHED_OTHER,0,box-first,22.5022
idle,SCHED_OTHER,0,box-first,16.3433
idle,SCHED_OTHER,0,box-first,41.1421
idle,SCHED_OTHER,0,box-first,14.9394
idle,SCHED_OTHER,0,box-first,12.5089
idle,SCHED_OTHER,0,box-first,97.0885
idle,SCHED_OTHER,0,box-first,13.5492
idle,SCHED_OTHER,0,box-first,9.1938
idle,SCHED_OTHER,0,box-first,19.3771
idle,SCHED_OTHER,0,box-first,16.0458
idle,SCHED_OTHER,0,box-first,27.3556
idle,SCHED_OTHER,0,box-first,11.1151
idle,SCHED_OTHER,0,box-first,19.6408
idle,SCHED_OTHER,0,box-first,9.1038
idle,SCHED_OTHER,0,box-first,18.7344
idle,SCHED_OTHER,0,box-first,16.3031
idle,SCHED_OTHER,0,box-first,13.1742
idle,SCHED_OTHER,0,box-first,9.9877
idle,SCHED_OTHER,0,box-first,27.1901
idle,SCHED_OTHER,0,box-first,7.9638
idle,SCHED_OTHER,0,box-first,21.8297
idle,SCHED_OTHER,0,box-first,6.3252
idle,SCHED_OTHER,0,box-first,23.0042
idle,SCHED_OTHER,0,box-first,26.4087
idle,SCHED_OTHER,0,box-first,20.2317
idle,SCHED_OTHER,0,box-first,15.8325
idle,SCHED_OTHER,0,box-first,11.5765
idle,SCHED_OTHER,0,box-first,12.7922
idle,SCHED_OTHER,0,box-first,16.8572
idle,SCHED_OTHER,0,box-first,16.5699
idle,SCHED_OTHER,0,box-first,18.1859
idle,SCHED_OTHER,0,box-first,47.3655
idle,SCHED_OTHER,0,box-first,25.2324
idle,SCHED_OTHER,0,box-first,16.1463
idle,SCHED_OTHER,0,box-first,14.6320
idle,SCHED_OTHER,0,box-first,37.1102
idle,SCHED_OTHER,0,box-first,21.9246
idle,SCHED_OTHER,0,box-first,11.0924
idle,SCHED_OTHER,0,box-first,48.3844
idle,SCHED_OTHER,0,box-first,15.0943
idle,SCHED_OTHER,0,box-first,21.2523
idle,SCHED_OTHER,0,box-first,19.7964
idle,SCHED_OTHER,0,box-first,9.4569
idle,SCHED_OTHER,0,box-first,10.7413
idle,SCHED_OTHER,0,box-first,22.7948
idle,SCHED_OTHER,0,box-first,24.9400
idle,SCHED_OTHER,0,box-first,27.5709
idle,SCHED_OTHER,0,box-first,23.1664
idle,SCHED_OTHER,0,box-first,26.7900
idle,SCHED_OTHER,0,box-first,23.2060
idle,SCHED_OTHER,0,box-first,20.2075
idle,SCHED_OTHER,0,box-first,41.1591
idle,SCHED_OTHER,0,box-first,7.2753
idle,SCHED_OTHER,0,box-first,23.6098
idle,SCHED_OTHER,0,box-first,15.7592
idle,SCHED_OTHER,0,box-first,37.9002
idle,SCHED_OTHER,0,box-first,21.1768
idle,SCHED_OTHER,0,box-first,24.8484
idle,SCHED_OTHER,0,box-first,21.7182
idle,SCHED_OTHER,0,box-first,20.9771
idle,SCHED_OTHER,0,box-first,18.4199
idle,SCHED_OTHER,0,box-first,8.1395
idle,SCHED_OTHER,0,box-first,15.2260
idle,SCHED_OTHER,0,box-first,32.3556
idle,SCHED_OTHER,0,box-first,25.6349
idle,SCHED_OTHER,0,box-first,24.3564
idle,SCHED_OTHER,0,box-first,8.7553
idle,SCHED_OTHER,0,box-first,22.4183
idle,SCHED_OTHER,0,box-first,45.4127
idle,SCHED_OTHER,0,box-first,15.4687
idle,SCHED_OTHER,0,box-first,12.7725
idle,SCHED_OTHER,0,box-first,4.3734
idle,SCHED_OTHER,0,box-first,15.0078
idle,SCHED_OTHER,0,box-first,9.7724
idle,SCHED_OTHER,0,box-first,17.2648
idle,SCHED_OTHER,0,box-first,22.1617
idle,SCHED_OTHER,0,box-first,7.5543
idle,SCHED_OTHER,0,box-first,10.7720
idle,SCHED_OTHER,0,box-first,21.1909
idle,SCHED_OTHER,0,box-first,11.5833
idle,SCHED_OTHER,0,box-first,35.3078
idle,SCHED_OTHER,0,box-first,11.3293
idle,SCHED_OTHER,0,box-first,9.9281
idle,SCHED_OTHER,0,box-first,25.0159
idle,SCHED_OTHER,0,box-first,13.7714
idle,SCHED_OTHER,0,box-first,37.3781
idle,SCHED_OTHER,0,box-first,14.6707
idle,SCHED_OTHER,0,box-first,19.0024
idle,SCHED_OTHER,0,box-first,22.9571
idle,SCHED_OTHER,0,box-first,88.4048
idle,SCHED_OTHER,0,box-first,14.4794
idle,SCHED_OTHER,0,box-first,58.4660
idle,SCHED_OTHER,0,box-first,32.6178
idle,SCHED_OTHER,0,box-first,28.0040
idle,SCHED_OTHER,0,box-first,21.8522
idle,SCHED_OTHER,0,box-first,33.2430
idle,SCHED_OTHER,0,box-first,19.0804
idle,SCHED_OTHER,0,box-first,8.6594
idle,SCHED_OTHER,0,box-first,18.4230
idle,SCHED_OTHER,0,box-first,21.2452
idle,SCHED_OTHER,0,box-first,31.6656
idle,SCHED_OTHER,0,box-first,21.3317
idle,SCHED_OTHER,0,box-first,15.3222
idle,SCHED_OTHER,0,box-first,19.1419
idle,SCHED_OTHER,0,box-first,6.2393
idle,SCHED_OTHER,0,box-first,20.9809
idle,SCHED_OTHER,0,box-first,4.6223
idle,SCHED_OTHER,0,box-first,7.3471
idle,SCHED_OTHER,0,box-first,5.5913
idle,SCHED_OTHER,0,box-first,18.7046
idle,SCHED_OTHER,0,box-first,13.5081
idle,SCHED_OTHER,0,box-first,62.7390
idle,SCHED_OTHER,0,box-first,14.9674
idle,SCHED_OTHER,0,box-first,12.1863
idle,SCHED_OTHER,0,box-first,17.7908
idle,SCHED_OTHER,0,box-first,13.9628
idle,SCHED_OTHER,0,box-first,6.5212
idle,SCHED_OTHER,0,box-first,9.3310
idle,SCHED_OTHER,0,box-first,19.9378
idle,SCHED_OTHER,0,box-first,12.7053
idle,SCHED_OTHER,0,box-first,18.9326
idle,SCHED_OTHER,0,box-first,16.9740
idle,SCHED_OTHER,0,box-first,31.5154
idle,SCHED_OTHER,0,box-first,22.7532
idle,SCHED_OTHER,0,box-first,48.7558
idle,SCHED_OTHER,0,box-first,20.1616
idle,SCHED_OTHER,0,box-first,12.5939
idle,SCHED_OTHER,0,box-first,17.0805
idle,SCHED_OTHER,0,box-first,13.3357
idle,SCHED_OTHER,0,box-first,15.3944
idle,SCHED_OTHER,0,box-first,16.2797
idle,SCHED_OTHER,0,box-first,2.0464
idle,SCHED_OTHER,0,box-first,24.7759
idle,SCHED_OTHER,0,box-first,11.9079
idle,SCHED_OTHER,0,box-first,15.4362
idle,SCHED_OTHER,0,box-first,26.9755
idle,SCHED_OTHER,0,box-first,8.9941
idle,SCHED_OTHER,0,box-first,32.8036
idle,SCHED_OTHER,0,box-first,7.6137
idle,SCHED_OTHER,0,box-first,16.6230
idle,SCHED_OTHER,0,box-first,16.7518
idle,SCHED_OTHER,0,box-first,14.0745
idle,SCHED_OTHER,0,box-first,15.6732
idle,SCHED_OTHER,0,box-first,13.5491
idle,SCHED_OTHER,0,box-first,27.3080
idle,SCHED_OTHER,0,box-first,12.9001
idle,SCHED_OTHER,0,box-first,16.9494
idle,SCHED_OTHER,0,box-first,14.6896
idle,SCHED_OTHER,0,box-first,12.3857
idle,SCHED_OTHER,0,box-first,27.0188
idle,SCHED_OTHER,0,box-first,9.8846
idle,SCHED_OTHER,0,box-first,11.7066
idle,SCHED_OTHER,0,box-first,20.5478
idle,SCHED_OTHER,0,box-first,16.6985
idle,SCHED_OTHER,0,box-first,19.7455
idle,SCHED_OTHER,0,box-first,19.7727
idle,SCHED_OTHER,0,box-first,30.1760
idle,SCHED_OTHER,0,box-first,21.6328
idle,SCHED_OTHER,0,box-first,23.5733
idle,SCHED_OTHER,0,box-first,28.9630
idle,SCHED_OTHER,0,box-first,23.9575
idle,SCHED_OTHER,0,box-first,18.7996
idle,SCHED_OTHER,0,box-first,9.9837
idle,SCHED_OTHER,0,box-first,27.8190
idle,SCHED_OTHER,0,box-first,25.3867
idle,SCHED_OTHER,0,box-first,10.3820
idle,SCHED_OTHER,0,box-first,10.3203
idle,SCHED_OTHER,0,box-first,26.2140
idle,SCHED_OTHER,0,box-first,6.4400
idle,SCHED_OTHER,0,box-first,23.6364
idle,SCHED_OTHER,0,box-first,15.6096
idle,SCHED_OTHER,0,box-first,6.8339
idle,SCHED_OTHER,0,box-first,10.2083
idle,SCHED_OTHER,0,box-first,27.4365
idle,SCHED_OTHER,0,box-first,9.9757
idle,SCHED_OTHER,0,box-first,34.3682
idle,SCHED_OTHER,0,box-first,27.7626
idle,SCHED_OTHER,0,box-first,21.9658
idle,SCHED_OTHER,0,box-first,35.7299
idle,SCHED_OTHER,0,box-first,18.2234
idle,SCHED_OTHER,0,box-first,26.5766
idle,SCHED_OTHER,0,box-first,30.8832
idle,SCHED_OTHER,0,box-first,11.7643
idle,SCHED_OTHER,0,box-first,22.9883
idle,SCHED_OTHER,0,box-first,14.4152
idle,SCHED_OTHER,0,box-first,27.6157
idle,SCHED_OTHER,0,box-first,11.5081
idle,SCHED_OTHER,0,box-first,23.7780
idle,SCHED_OTHER,0,box-first,9.1912
idle,SCHED_OTHER,0,box-first,14.5028
idle,SCHED_OTHER,0,box-first,9.9124
idle,SCHED_OTHER,0,box-first,27.4744
idle,SCHED_OTHER,0,box-first,32.0760
idle,SCHED_OTHER,0,box-first,16.4811
idle,SCHED_OTHER,0,box-first,25.6831
idle,SCHED_OTHER,0,box-first,184.9205
idle,SCHED_OTHER,0,box-first,25.8881
idle,SCHED_OTHER,0,box-first,18.8952
idle,SCHED_OTHER,0,box-first,62.6780
idle,SCHED_OTHER,0,box-first,20.8655
idle,SCHED_OTHER,0,box-first,18.9897
idle,SCHED_OTHER,0,box-first,11.5688
idle,SCHED_OTHER,0,box-first,99.3133
idle,SCHED_OTHER,0,box-first,22.8824
idle,SCHED_OTHER,0,box-first,6.7548
idle,SCHED_OTHER,0,box-first,18.4981
idle,SCHED_OTHER,0,box-first,12.4062
idle,SCHED_OTHER,0,box-first,18.6300
idle,SCHED_OTHER,0,box-first,30.0375
idle,SCHED_OTHER,0,box-first,18.8420
idle,SCHED_OTHER,0,box-first,31.2488
idle,SCHED_OTHER,0,box-first,14.1518
idle,SCHED_OTHER,0,box-first,17.9811
idle,SCHED_OTHER,0,box-first,10.0478
idle,SCHED_OTHER,0,box-first,61.9712
idle,SCHED_OTHER,0,box-first,79.1688
idle,SCHED_OTHER,0,box-first,28.8834
idle,SCHED_OTHER,0,box-first,71.6412
idle,SCHED_OTHER,0,box-first,52.4242
idle,SCHED_OTHER,0,box-first,43.1963
idle,SCHED_OTHER,0,box-first,8.6148
idle,SCHED_OTHER,0,box-first,9.4626
idle,SCHED_OTHER,0,box-first,26.1793
idle,SCHED_OTHER,0,box-first,10.6964
idle,SCHED_OTHER,0,box-first,25.9360
idle,SCHED_OTHER,0,box-first,55.0023
idle,SCHED_OTHER,0,box-first,18.9988
idle,SCHED_OTHER,0,box-first,32.2681
idle,SCHED_OTHER,0,box-first,31.3574
idle,SCHED_OTHER,0,box-first,12.8082
idle,SCHED_OTHER,0,box-first,34.8455
idle,SCHED_OTHER,0,box-first,262.1601
idle,SCHED_OTHER,0,box-first,27.0977
idle,SCHED_OTHER,0,box-first,16.2259
idle,SCHED_OTHER,0,box-first,15.6744
idle,SCHED_OTHER,0,box-first,10.9893
idle,SCHED_OTHER,0,box-first,24.6137
idle,SCHED_OTHER,0,box-first,15.7302
idle,SCHED_OTHER,0,box-first,27.0723
idle,SCHED_OTHER,0,box-first,23.5858
idle,SCHED_OTHER,0,box-first,28.0433
idle,SCHED_OTHER,0,box-first,7.3025
idle,SCHED_OTHER,0,box-first,23.7389
idle,SCHED_OTHER,0,box-first,56.5638
idle,SCHED_OTHER,0,box-first,25.0072
idle,SCHED_OTHER,0,box-first,14.4100
idle,SCHED_OTHER,0,box-first,26.5541
idle,SCHED_OTHER,0,box-first,22.8683
idle,SCHED_OTHER,0,box-first,38.9239
idle,SCHED_OTHER,0,box-first,52.0295
idle,SCHED_OTHER,0,box-first,25.6018
idle,SCHED_OTHER,0,box-first,25.5939
idle,SCHED_OTHER,0,box-first,173.3352
idle,SCHED_OTHER,0,box-first,45.4563
idle,SCHED_OTHER,0,box-first,14.5565
idle,SCHED_OTHER,0,box-first,16.9059
idle,SCHED_OTHER,0,box-first,18.7543
idle,SCHED_OTHER,0,box-first,28.0392
idle,SCHED_OTHER,0,box-first,38.0738
idle,SCHED_OTHER,0,box-first,37.3021
idle,SCHED_OTHER,0,box-first,40.7589
idle,SCHED_OTHER,0,box-first,23.2270
idle,SCHED_OTHER,0,box-first,39.5461
idle,SCHED_OTHER,0,box-first,34.5257
idle,SCHED_OTHER,0,box-first,14.3847
idle,SCHED_OTHER,0,box-first,19.3483
idle,SCHED_OTHER,0,box-first,77.6892
idle,SCHED_OTHER,0,box-first,17.3627
idle,SCHED_OTHER,0,box-first,27.0107
idle,SCHED_OTHER,0,box-first,30.5050
idle,SCHED_OTHER,0,box-first,24.6689
idle,SCHED_OTHER,0,box-first,84.4829
idle,SCHED_OTHER,0,box-first,31.1046
idle,SCHED_OTHER,0,box-first,71.3882
idle,SCHED_OTHER,0,box-first,17.1011
idle,SCHED_OTHER,0,box-first,15.2215
idle,SCHED_OTHER,0,box-first,16.3675
idle,SCHED_OTHER,0,box-first,19.5678
idle,SCHED_OTHER,0,box-first,13.1270
idle,SCHED_OTHER,0,box-first,330.9590
idle,SCHED_OTHER,0,box-first,36.9163
idle,SCHED_OTHER,0,box-first,31.3573
idle,SCHED_OTHER,0,box-first,11.9302
idle,SCHED_OTHER,0,box-first,22.4463
idle,SCHED_OTHER,0,box-first,7.9224
idle,SCHED_OTHER,0,box-first,19.4291
idle,SCHED_OTHER,0,box-first,23.5192
idle,SCHED_OTHER,0,box-first,37.9026
idle,SCHED_OTHER,0,box-first,23.0701
idle,SCHED_OTHER,0,box-first,73.6170
idle,SCHED_OTHER,0,box-first,27.9344
idle,SCHED_OTHER,0,box-first,14.8541
idle,SCHED_OTHER,0,box-first,21.4366
idle,SCHED_OTHER,0,box-first,23.9388
idle,SCHED_OTHER,0,box-first,15.7949
idle,SCHED_OTHER,0,box-first,19.7943
idle,SCHED_OTHER,0,box-first,33.3127
idle,SCHED_OTHER,0,box-first,15.2221
idle,SCHED_OTHER,0,box-first,24.8315
idle,SCHED_OTHER,0,box-first,19.0959
idle,SCHED_OTHER,0,box-first,18.4987
idle,SCHED_OTHER,0,box-first,24.2340
idle,SCHED_OTHER,0,box-first,19.1549
idle,SCHED_OTHER,0,box-first,16.7627
idle,SCHED_OTHER,0,box-first,20.9055
idle,SCHED_OTHER,0,box-first,86.6303
idle,SCHED_OTHER,0,box-first,24.4761
idle,SCHED_OTHER,0,box-first,17.7051
idle,SCHED_OTHER,0,box-first,17.8322
idle,SCHED_OTHER,0,box-first,39.3504
idle,SCHED_OTHER,0,box-first,11.5994
idle,SCHED_OTHER,0,box-first,16.0215
idle,SCHED_OTHER,0,box-first,22.6909
idle,SCHED_OTHER,0,box-first,16.1387
idle,SCHED_OTHER,0,box-first,13.9639
idle,SCHED_OTHER,0,box-first,25.1668
idle,SCHED_OTHER,0,box-first,11.8657
idle,SCHED_OTHER,0,box-first,7.2379
idle,SCHED_OTHER,0,box-first,23.7351
idle,SCHED_OTHER,0,box-first,21.9133
idle,SCHED_OTHER,0,box-first,18.8680
idle,SCHED_OTHER,0,box-first,12.3072
idle,SCHED_OTHER,0,box-first,19.3921
idle,SCHED_OTHER,0,box-first,10.5515
idle,SCHED_OTHER,0,box-first,10.5219
idle,SCHED_OTHER,0,box-first,21.3282
idle,SCHED_OTHER,0,box-first,11.4963
idle,SCHED_OTHER,0,box-first,23.1273
idle,SCHED_OTHER,0,box-first,13.5805
idle,SCHED_OTHER,0,box-first,18.2193
idle,SCHED_OTHER,0,box-first,17.1308
idle,SCHED_OTHER,0,box-first,12.2205
idle,SCHED_OTHER,0,box-first,31.2260
idle,SCHED_OTHER,0,box-first,23.2263
idle,SCHED_OTHER,0,box-first,17.4582
idle,SCHED_OTHER,0,box-first,11.1923
idle,SCHED_OTHER,0,box-first,68.5770
idle,SCHED_OTHER,0,box-first,16.5235
idle,SCHED_OTHER,0,box-first,19.5049
idle,SCHED_OTHER,0,box-first,14.5730
idle,SCHED_OTHER,0,box-first,26.8596
idle,SCHED_OTHER,0,box-first,7.0052
idle,SCHED_OTHER,0,box-first,12.7667
idle,SCHED_OTHER,0,box-first,6.7608
idle,SCHED_OTHER,0,box-first,68.4173
idle,SCHED_OTHER,0,box-first,39.4188
idle,SCHED_OTHER,0,box-first,14.5934
idle,SCHED_OTHER,0,box-first,13.5559
idle,SCHED_OTHER,0,box-first,28.9608
idle,SCHED_OTHER,0,box-first,20.6982
idle,SCHED_OTHER,0,box-first,25.4555
idle,SCHED_OTHER,0,box-first,20.2434
idle,SCHED_OTHER,0,box-first,920.3970
idle,SCHED_OTHER,0,box-first,30.1851
idle,SCHED_OTHER,0,box-first,14.4209
idle,SCHED_OTHER,0,box-first,17.6608
idle,SCHED_OTHER,0,box-first,94.6957
idle,SCHED_OTHER,0,box-first,19.1659
idle,SCHED_OTHER,0,box-first,24.8156
idle,SCHED_OTHER,0,box-first,25.7913
idle,SCHED_OTHER,0,box-first,14.1029
idle,SCHED_OTHER,0,box-first,10.7991
idle,SCHED_OTHER,0,box-first,20.1379
idle,SCHED_OTHER,0,box-first,18.8844
idle,SCHED_OTHER,0,box-first,20.3223
idle,SCHED_OTHER,0,box-first,20.7709
idle,SCHED_OTHER,0,box-first,59.9924
idle,SCHED_OTHER,0,box-first,35.0824
idle,SCHED_OTHER,0,box-first,27.3922
idle,SCHED_OTHER,0,box-first,33.6189
idle,SCHED_OTHER,0,box-first,24.6580
idle,SCHED_OTHER,0,box-first,14.1563
idle,SCHED_OTHER,0,box-first,34.7205
idle,SCHED_OTHER,0,box-first,24.7749
idle,SCHED_OTHER,0,box-first,21.9714
idle,SCHED_OTHER,0,box-first,19.7378
idle,SCHED_OTHER,0,box-first,9.2090
idle,SCHED_OTHER,0,box-first,14.3177
idle,SCHED_OTHER,0,box-first,14.5550
idle,SCHED_OTHER,0,box-first,84.0870
idle,SCHED_OTHER,0,box-first,15.7696
idle,SCHED_OTHER,0,box-first,26.6742
idle,SCHED_OTHER,0,box-first,19.7739
idle,SCHED_OTHER,0,box-first,46.5329
idle,SCHED_OTHER,0,box-first,13.1635
idle,SCHED_OTHER,0,box-first,32.5804
idle,SCHED_OTHER,0,box-first,20.9989
idle,SCHED_OTHER,0,box-first,32.7573
idle,SCHED_OTHER,0,box-first,167.5665
idle,SCHED_OTHER,0,box-first,72.5656
idle,SCHED_OTHER,0,box-first,35.8439
idle,SCHED_OTHER,0,box-first,11.3875
idle,SCHED_OTHER,0,box-first,10.7994
idle,SCHED_OTHER,0,box-first,8.7836
idle,SCHED_OTHER,0,box-first,31.7029
idle,SCHED_OTHER,0,box-first,23.7599
idle,SCHED_OTHER,0,box-first,18.7998
idle,SCHED_OTHER,0,box-first,3.9461
idle,SCHED_OTHER,0,box-first,24.7033
idle,SCHED_OTHER,0,box-first,29.2123
idle,SCHED_OTHER,0,box-first,63.1151
idle,SCHED_OTHER,0,box-first,20.1459
idle,SCHED_OTHER,0,box-first,20.2638
idle,SCHED_OTHER,0,box-first,23.6966
idle,SCHED_OTHER,0,box-first,11.3628
idle,SCHED_OTHER,0,box-first,43.9129
idle,SCHED_OTHER,0,box-first,14.6910
idle,SCHED_OTHER,0,box-first,11.5831
idle,SCHED_OTHER,0,box-first,41.3372
idle,SCHED_OTHER,0,box-first,15.7246
idle,SCHED_OTHER,0,box-first,20.9666
idle,SCHED_OTHER,0,box-first,23.8440
idle,SCHED_OTHER,0,box-first,11.9592
idle,SCHED_OTHER,0,box-first,6.8369
idle,SCHED_OTHER,0,box-first,17.0651
idle,SCHED_OTHER,0,box-first,17.7276
idle,SCHED_OTHER,0,box-first,39.1651
idle,SCHED_OTHER,0,box-first,30.5191
idle,SCHED_OTHER,0,box-first,20.5695
idle,SCHED_OTHER,0,box-first,10.7112
idle,SCHED_OTHER,0,box-first,2.3413
idle,SCHED_OTHER,0,box-first,15.8416
idle,SCHED_OTHER,0,box-first,6.5236
idle,SCHED_OTHER,0,box-first,13.2906
idle,SCHED_OTHER,0,box-first,9.1416
idle,SCHED_OTHER,0,box-first,18.7354
idle,SCHED_OTHER,0,box-first,11.2884
idle,SCHED_OTHER,0,box-first,18.6006
idle,SCHED_OTHER,0,box-first,14.5944
idle,SCHED_OTHER,0,box-first,9.0814
idle,SCHED_OTHER,0,box-first,3.8121
idle,SCHED_OTHER,0,box-first,16.8788
idle,SCHED_OTHER,0,box-first,6.0301
idle,SCHED_OTHER,0,box-first,85.4476
idle,SCHED_OTHER,0,box-first,16.1283
idle,SCHED_OTHER,0,box-first,39.3667
idle,SCHED_OTHER,0,box-first,18.8399
idle,SCHED_OTHER,0,box-first,32.6558
idle,SCHED_OTHER,0,box-first,12.4095
idle,SCHED_OTHER,0,box-first,17.9845
idle,SCHED_OTHER,0,box-first,15.2858
idle,SCHED_OTHER,0,box-first,19.4363
idle,SCHED_OTHER,0,box-first,22.4906
idle,SCHED_OTHER,0,box-first,20.5832
idle,SCHED_OTHER,0,box-first,17.9770
idle,SCHED_OTHER,0,box-first,11.7085
idle,SCHED_OTHER,0,box-first,76.7984
idle,SCHED_OTHER,0,box-first,19.8173
idle,SCHED_OTHER,0,box-first,21.9099
idle,SCHED_OTHER,0,box-first,16.5849
idle,SCHED_OTHER,0,box-first,29.5028
idle,SCHED_OTHER,0,box-first,24.8571
idle,SCHED_OTHER,0,box-first,39.3295
idle,SCHED_OTHER,0,box-first,16.1150
idle,SCHED_OTHER,0,box-first,27.0495
idle,SCHED_OTHER,0,box-first,20.6195
idle,SCHED_OTHER,0,box-first,25.7619
idle,SCHED_OTHER,0,box-first,18.5703
idle,SCHED_OTHER,0,box-first,28.6036
idle,SCHED_OTHER,0,box-first,24.7508
idle,SCHED_OTHER,0,box-first,28.4788
idle,SCHED_OTHER,0,box-first,10.6576
idle,SCHED_OTHER,0,box-first,18.5310
idle,SCHED_OTHER,0,box-first,23.1924
idle,SCHED_OTHER,0,box-first,15.6671
idle,SCHED_OTHER,0,box-first,16.1061
idle,SCHED_OTHER,0,box-first,36.6575
idle,SCHED_OTHER,0,box-first,24.0701
idle,SCHED_OTHER,0,box-first,17.3769
idle,SCHED_OTHER,0,box-first,29.2871
idle,SCHED_OTHER,0,box-first,13.9656
idle,SCHED_OTHER,0,box-first,33.9133
idle,SCHED_OTHER,0,box-first,15.1607
idle,SCHED_OTHER,0,box-first,23.8839
idle,SCHED_OTHER,0,box-first,34.8783
idle,SCHED_OTHER,0,box-first,19.9807
idle,SCHED_OTHER,0,box-first,28.0377
idle,SCHED_OTHER,0,box-first,12.8292
idle,SCHED_OTHER,0,box-first,16.1454
idle,SCHED_OTHER,0,box-first,26.9838
idle,SCHED_OTHER,0,box-first,18.8705
idle,SCHED_OTHER,0,box-first,8.1856
idle,SCHED_OTHER,0,box-first,22.1913
idle,SCHED_OTHER,0,box-first,32.9544
idle,SCHED_OTHER,0,box-first,25.3547
idle,SCHED_OTHER,0,box-first,34.2241
idle,SCHED_OTHER,0,box-first,21.1671
idle,SCHED_OTHER,0,box-first,23.6523
idle,SCHED_OTHER,0,box-first,13.4400
idle,SCHED_OTHER,0,box-first,27.9141
idle,SCHED_OTHER,0,box-first,30.0900
idle,SCHED_OTHER,0,box-first,13.5421
idle,SCHED_OTHER,0,box-first,11.6821
idle,SCHED_OTHER,0,box-first,15.2708
idle,SCHED_OTHER,0,box-first,25.7575
idle,SCHED_OTHER,0,box-first,9.2425
idle,SCHED_OTHER,0,box-first,27.5426
idle,SCHED_OTHER,0,box-first,20.6372
idle,SCHED_OTHER,0,box-first,16.3058
idle,SCHED_OTHER,0,box-first,24.7148
idle,SCHED_OTHER,0,box-first,21.2028
idle,SCHED_OTHER,0,box-first,22.7711
idle,SCHED_OTHER,0,box-first,53.3840
idle,SCHED_OTHER,0,box-first,21.1215
idle,SCHED_OTHER,0,box-first,24.2888
idle,SCHED_OTHER,0,box-first,28.2089
idle,SCHED_OTHER,0,box-first,15.9206
idle,SCHED_OTHER,0,box-first,11.7230
idle,SCHED_OTHER,0,box-first,18.8117
idle,SCHED_OTHER,0,box-first,19.3804
idle,SCHED_OTHER,0,box-first,17.7196
idle,SCHED_OTHER,0,box-first,11.7419
idle,SCHED_OTHER,0,box-first,16.1635
idle,SCHED_OTHER,0,box-first,15.3588
idle,SCHED_OTHER,0,box-first,59.8552
idle,SCHED_OTHER,0,box-first,16.3623
idle,SCHED_OTHER,0,box-first,8.6393
idle,SCHED_OTHER,0,box-first,10.6996
idle,SCHED_OTHER,0,box-first,15.0805
idle,SCHED_OTHER,0,box-first,17.0143
idle,SCHED_OTHER,0,box-first,14.7114
idle,SCHED_OTHER,0,box-first,17.8203
idle,SCHED_OTHER,0,box-first,20.2213
idle,SCHED_OTHER,0,box-first,19.0421
idle,SCHED_OTHER,0,box-first,20.1059
idle,SCHED_OTHER,0,box-first,40.7598
idle,SCHED_OTHER,0,box-first,24.5065
idle,SCHED_OTHER,0,box-first,22.2332
idle,SCHED_OTHER,0,box-first,9.3048
idle,SCHED_OTHER,0,box-first,62.0776
idle,SCHED_OTHER,0,box-first,28.5314
idle,SCHED_OTHER,0,box-first,16.5063
idle,SCHED_OTHER,0,box-first,19.1542
idle,SCHED_OTHER,0,box-first,11.2936
idle,SCHED_OTHER,0,box-first,16.8153
idle,SCHED_OTHER,0,box-first,0.7332
idle,SCHED_OTHER,0,box-first,31.2796
idle,SCHED_OTHER,0,box-first,21.7063
idle,SCHED_OTHER,0,box-first,21.0238
idle,SCHED_OTHER,0,box-first,17.4022
idle,SCHED_OTHER,0,box-first,20.3794
idle,SCHED_OTHER,0,box-first,16.1793
idle,SCHED_OTHER,0,box-first,16.6167
idle,SCHED_OTHER,0,box-first,9.4836
idle,SCHED_OTHER,0,box-first,10.8623
idle,SCHED_OTHER,0,box-first,14.0430
idle,SCHED_OTHER,0,box-first,21.3442
idle,SCHED_OTHER,0,box-first,15.0396
idle,SCHED_OTHER,0,box-first,18.9676
idle,SCHED_OTHER,0,box-first,20.5118
idle,SCHED_OTHER,0,box-first,27.0924
idle,SCHED_OTHER,0,box-first,14.1128
idle,SCHED_OTHER,0,box-first,34.9274
idle,SCHED_OTHER,0,box-first,20.5312
idle,SCHED_OTHER,0,box-first,528.4600
idle,SCHED_OTHER,0,box-first,20.3626
idle,SCHED_OTHER,0,box-first,56.7970
idle,SCHED_OTHER,0,box-first,12.8226
idle,SCHED_OTHER,0,box-first,14.3420
idle,SCHED_OTHER,0,box-first,17.5011
idle,SCHED_OTHER,0,box-first,14.8269
idle,SCHED_OTHER,0,box-first,26.5591
idle,SCHED_OTHER,0,box-first,20.1931
idle,SCHED_OTHER,0,box-first,12.6708
idle,SCHED_OTHER,0,box-first,21.8869
idle,SCHED_OTHER,0,box-first,23.3710
idle,SCHED_OTHER,0,box-first,12.2434
idle,SCHED_OTHER,0,box-first,17.5635
idle,SCHED_OTHER,0,box-first,20.4045
idle,SCHED_OTHER,0,box-first,37.4575
idle,SCHED_OTHER,0,box-first,14.5003
idle,SCHED_OTHER,0,box-first,18.6535
idle,SCHED_OTHER,0,box-first,12.4639
idle,SCHED_OTHER,0,box-first,25.5259
idle,SCHED_OTHER,0,box-first,10.5981
idle,SCHED_OTHER,0,box-first,15.8858
idle,SCHED_OTHER,0,box-first,13.8930
idle,SCHED_OTHER,0,box-first,22.0142
idle,SCHED_OTHER,0,box-first,22.1543
idle,SCHED_OTHER,0,box-first,19.7541
idle,SCHED_OTHER,0,box-first,19.0980
idle,SCHED_OTHER,0,box-first,22.3284
idle,SCHED_OTHER,0,box-first,12.5588
idle,SCHED_OTHER,0,box-first,13.7872
idle,SCHED_OTHER,0,box-first,15.1454
idle,SCHED_OTHER,0,box-first,19.5568
idle,SCHED_OTHER,0,box-first,8.4564
idle,SCHED_OTHER,0,box-first,20.0979
idle,SCHED_OTHER,0,box-first,70.1967
idle,SCHED_OTHER,0,box-first,17.8898
idle,SCHED_OTHER,0,box-first,13.2549
idle,SCHED_OTHER,0,box-first,17.0743
idle,SCHED_OTHER,0,box-first,16.6313
idle,SCHED_OTHER,0,box-first,16.7063
idle,SCHED_OTHER,0,box-first,21.7357
idle,SCHED_OTHER,0,box-first,160.4376
idle,SCHED_OTHER,0,box-first,19.0576
idle,SCHED_OTHER,0,box-first,28.3381
idle,SCHED_OTHER,0,box-first,13.7174
idle,SCHED_OTHER,0,box-first,14.9974
idle,SCHED_OTHER,0,box-first,17.3826
idle,SCHED_OTHER,0,box-first,13.6588
idle,SCHED_OTHER,0,box-first,22.1480
idle,SCHED_OTHER,0,box-first,26.6301
idle,SCHED_OTHER,0,box-first,21.1724
idle,SCHED_OTHER,0,box-first,23.9304
idle,SCHED_OTHER,0,box-first,35.7189
idle,SCHED_OTHER,0,box-first,9.0947
idle,SCHED_OTHER,0,box-first,91.5076
idle,SCHED_OTHER,0,box-first,21.3353
idle,SCHED_OTHER,0,box-first,8.8055
idle,SCHED_OTHER,0,box-first,10.8976
idle,SCHED_OTHER,0,box-first,12.0658
idle,SCHED_OTHER,0,box-first,22.7474
idle,SCHED_OTHER,0,box-first,37.0546
idle,SCHED_OTHER,0,box-first,27.2885
idle,SCHED_OTHER,0,box-first,12.3074
idle,SCHED_OTHER,0,box-first,38.0308
idle,SCHED_OTHER,0,box-first,37.4107
idle,SCHED_OTHER,0,box-first,1.0117
idle,SCHED_OTHER,0,box-first,64.6073
idle,SCHED_OTHER,0,box-first,14.4825
idle,SCHED_OTHER,0,box-first,15.1178
idle,SCHED_OTHER,0,box-first,20.5863
idle,SCHED_OTHER,0,box-first,31.9992
idle,SCHED_OTHER,0,box-first,14.1591
idle,SCHED_OTHER,0,box-first,22.7953
idle,SCHED_OTHER,0,box-first,18.0099
idle,SCHED_OTHER,0,box-first,15.9669
idle,SCHED_OTHER,0,box-first,16.0955
idle,SCHED_OTHER,0,box-first,20.6621
idle,SCHED_OTHER,0,box-first,13.3423
idle,SCHED_OTHER,0,box-first,29.6584
idle,SCHED_OTHER,0,box-first,18.4248
idle,SCHED_OTHER,0,box-first,23.5952
idle,SCHED_OTHER,0,box-first,24.1477
idle,SCHED_OTHER,0,box-first,15.6263
idle,SCHED_OTHER,0,box-first,11.5022
idle,SCHED_OTHER,0,box-first,11.5197
idle,SCHED_OTHER,0,box-first,21.8249
idle,SCHED_OTHER,0,box-first,49.0648
