arm,policy,priority,trial,first_ch,second_ch,delta_us
box-first,SCHED_OTHER,0,1,1,2,152.5300
box-first,SCHED_OTHER,0,2,1,2,187.9100
box-first,SCHED_OTHER,0,3,1,2,169.4600
box-first,SCHED_OTHER,0,4,1,2,176.6600
box-first,SCHED_OTHER,0,5,1,2,165.0600
box-first,SCHED_OTHER,0,6,1,2,24.5200
box-first,SCHED_OTHER,0,7,1,2,39.5400
box-first,SCHED_OTHER,0,8,1,2,168.8000
box-first,SCHED_OTHER,0,9,1,2,90.4500
box-first,SCHED_OTHER,0,10,1,2,57.8900
box-first,SCHED_OTHER,0,11,1,2,29.4500
box-first,SCHED_OTHER,0,12,1,2,35.5300
box-first,SCHED_OTHER,0,13,1,2,35.4000
box-first,SCHED_OTHER,0,14,1,2,19.6300
box-first,SCHED_OTHER,0,15,1,2,260.6600
box-first,SCHED_OTHER,0,16,1,2,144.4800
box-first,SCHED_OTHER,0,17,1,2,167.9200
box-first,SCHED_OTHER,0,18,1,2,41.6900
box-first,SCHED_OTHER,0,19,1,2,148.3800
box-first,SCHED_OTHER,0,20,1,2,122.1800
box-first,SCHED_OTHER,0,21,1,2,168.1100
box-first,SCHED_OTHER,0,22,1,2,28.9200
box-first,SCHED_OTHER,0,23,1,2,33.9500
box-first,SCHED_OTHER,0,24,1,2,46.2600
box-first,SCHED_OTHER,0,25,1,2,24.0600
box-first,SCHED_OTHER,0,26,1,2,34.4300
box-first,SCHED_OTHER,0,27,1,2,25.1000
box-first,SCHED_OTHER,0,28,1,2,32.2900
box-first,SCHED_OTHER,0,29,1,2,41.2800
box-first,SCHED_OTHER,0,30,1,2,173.3000
box-first,SCHED_OTHER,0,31,1,2,37.9400
box-first,SCHED_OTHER,0,32,1,2,34.6600
box-first,SCHED_OTHER,0,33,1,2,168.3300
box-first,SCHED_OTHER,0,34,1,2,35.6900
box-first,SCHED_OTHER,0,35,1,2,161.1200
box-first,SCHED_OTHER,0,36,1,2,54.6100
box-first,SCHED_OTHER,0,37,1,2,142.6400
box-first,SCHED_OTHER,0,38,1,2,163.8000
box-first,SCHED_OTHER,0,39,1,2,29.5300
box-first,SCHED_OTHER,0,40,1,2,20.0000
box-first,SCHED_OTHER,0,41,1,2,30.0000
box-first,SCHED_OTHER,0,42,1,2,29.5300
box-first,SCHED_OTHER,0,43,1,2,33.3000
box-first,SCHED_OTHER,0,44,1,2,22.5100
box-first,SCHED_OTHER,0,45,1,2,17.3200
box-first,SCHED_OTHER,0,46,1,2,16.2000
box-first,SCHED_OTHER,0,47,1,2,180.0600
box-first,SCHED_OTHER,0,48,1,2,74.2000
box-first,SCHED_OTHER,0,49,1,2,185.4800
box-first,SCHED_OTHER,0,50,1,2,155.4000
box-first,SCHED_OTHER,0,51,1,2,158.9800
box-first,SCHED_OTHER,0,52,1,2,167.4800
box-first,SCHED_OTHER,0,53,1,2,180.6100
box-first,SCHED_OTHER,0,54,1,2,155.3200
box-first,SCHED_OTHER,0,55,1,2,162.3000
box-first,SCHED_OTHER,0,56,1,2,166.3500
box-first,SCHED_OTHER,0,57,1,2,165.2800
box-first,SCHED_OTHER,0,58,1,2,39.8000
box-first,SCHED_OTHER,0,59,1,2,74.0200
box-first,SCHED_OTHER,0,60,1,2,60.0100
box-first,SCHED_OTHER,0,61,1,2,78.9000
box-first,SCHED_OTHER,0,62,1,2,33.4300
box-first,SCHED_OTHER,0,63,1,2,20.5300
box-first,SCHED_OTHER,0,64,1,2,128.8100
box-first,SCHED_OTHER,0,66,1,2,161.2100
box-first,SCHED_OTHER,0,67,1,2,149.3200
box-first,SCHED_OTHER,0,68,1,2,40.1800
box-first,SCHED_OTHER,0,69,1,2,160.0000
box-first,SCHED_OTHER,0,70,1,2,48.1000
box-first,SCHED_OTHER,0,71,1,2,172.9800
box-first,SCHED_OTHER,0,72,1,2,204.2700
box-first,SCHED_OTHER,0,73,1,2,151.5500
box-first,SCHED_OTHER,0,74,1,2,42.8000
box-first,SCHED_OTHER,0,75,1,2,176.5300
box-first,SCHED_OTHER,0,76,1,2,62.0600
box-first,SCHED_OTHER,0,77,1,2,202.1600
box-first,SCHED_OTHER,0,78,1,2,200.6300
box-first,SCHED_OTHER,0,79,1,2,20.1500
box-first,SCHED_OTHER,0,80,1,2,156.0400
box-first,SCHED_OTHER,0,81,1,2,165.9700
box-first,SCHED_OTHER,0,82,1,2,102.7900
box-first,SCHED_OTHER,0,83,1,2,147.2900
box-first,SCHED_OTHER,0,84,1,2,140.2600
box-first,SCHED_OTHER,0,85,1,2,178.1500
box-first,SCHED_OTHER,0,86,1,2,65.7400
box-first,SCHED_OTHER,0,87,1,2,202.2800
box-first,SCHED_OTHER,0,88,1,2,39.0100
box-first,SCHED_OTHER,0,89,1,2,463.9100
box-first,SCHED_OTHER,0,90,1,2,179.7900
box-first,SCHED_OTHER,0,91,1,2,135.8500
box-first,SCHED_OTHER,0,92,1,2,139.7800
box-first,SCHED_OTHER,0,93,1,2,172.9300
box-first,SCHED_OTHER,0,94,1,2,198.8400
box-first,SCHED_OTHER,0,95,1,2,29.2500
box-first,SCHED_OTHER,0,96,1,2,34.5000
box-first,SCHED_OTHER,0,97,1,2,33.0600
box-first,SCHED_OTHER,0,98,1,2,178.7000
box-first,SCHED_OTHER,0,99,1,2,156.8100
dlp-first,SCHED_OTHER,0,1,2,1,74.9400
dlp-first,SCHED_OTHER,0,2,2,1,49.0900
dlp-first,SCHED_OTHER,0,3,2,1,18.5200
dlp-first,SCHED_OTHER,0,4,2,1,51.8200
dlp-first,SCHED_OTHER,0,5,2,1,55.0100
dlp-first,SCHED_OTHER,0,6,2,1,46.7700
dlp-first,SCHED_OTHER,0,7,2,1,52.8900
dlp-first,SCHED_OTHER,0,8,2,1,50.2800
dlp-first,SCHED_OTHER,0,9,2,1,53.9800
dlp-first,SCHED_OTHER,0,10,2,1,85.5600
dlp-first,SCHED_OTHER,0,11,2,1,57.0000
dlp-first,SCHED_OTHER,0,12,2,1,43.9400
dlp-first,SCHED_OTHER,0,13,2,1,54.8600
dlp-first,SCHED_OTHER,0,14,2,1,127.2700
dlp-first,SCHED_OTHER,0,15,2,1,61.0800
dlp-first,SCHED_OTHER,0,16,2,1,46.4500
dlp-first,SCHED_OTHER,0,17,2,1,53.4400
dlp-first,SCHED_OTHER,0,18,2,1,47.5100
dlp-first,SCHED_OTHER,0,19,2,1,43.9500
dlp-first,SCHED_OTHER,0,20,2,1,67.2600
dlp-first,SCHED_OTHER,0,21,2,1,50.4000
dlp-first,SCHED_OTHER,0,22,2,1,49.1400
dlp-first,SCHED_OTHER,0,23,2,1,57.1800
dlp-first,SCHED_OTHER,0,24,2,1,12.0400
dlp-first,SCHED_OTHER,0,25,2,1,101.4900
dlp-first,SCHED_OTHER,0,26,2,1,40.9400
dlp-first,SCHED_OTHER,0,27,2,1,43.5400
dlp-first,SCHED_OTHER,0,28,2,1,53.0900
dlp-first,SCHED_OTHER,0,29,2,1,22.8000
dlp-first,SCHED_OTHER,0,30,2,1,58.4000
dlp-first,SCHED_OTHER,0,31,2,1,51.6800
dlp-first,SCHED_OTHER,0,32,2,1,40.7400
dlp-first,SCHED_OTHER,0,33,2,1,31.0900
dlp-first,SCHED_OTHER,0,34,2,1,56.8600
dlp-first,SCHED_OTHER,0,35,2,1,27.9700
dlp-first,SCHED_OTHER,0,36,2,1,54.5300
dlp-first,SCHED_OTHER,0,37,2,1,55.8500
dlp-first,SCHED_OTHER,0,38,2,1,19.7500
dlp-first,SCHED_OTHER,0,39,2,1,57.0400
dlp-first,SCHED_OTHER,0,40,2,1,67.7000
dlp-first,SCHED_OTHER,0,41,2,1,49.5000
dlp-first,SCHED_OTHER,0,42,2,1,49.4700
dlp-first,SCHED_OTHER,0,43,2,1,53.5600
dlp-first,SCHED_OTHER,0,44,2,1,24.1500
dlp-first,SCHED_OTHER,0,45,2,1,57.8800
dlp-first,SCHED_OTHER,0,46,2,1,48.9400
dlp-first,SCHED_OTHER,0,47,2,1,53.0000
dlp-first,SCHED_OTHER,0,48,2,1,61.3700
dlp-first,SCHED_OTHER,0,49,2,1,53.2400
dlp-first,SCHED_OTHER,0,50,2,1,55.4700
dlp-first,SCHED_OTHER,0,51,2,1,55.3200
dlp-first,SCHED_OTHER,0,52,2,1,59.9800
dlp-first,SCHED_OTHER,0,53,2,1,51.5900
dlp-first,SCHED_OTHER,0,54,2,1,40.8700
dlp-first,SCHED_OTHER,0,55,2,1,52.9200
dlp-first,SCHED_OTHER,0,56,2,1,52.3800
dlp-first,SCHED_OTHER,0,57,2,1,45.9200
dlp-first,SCHED_OTHER,0,58,2,1,51.1100
dlp-first,SCHED_OTHER,0,59,2,1,61.0900
dlp-first,SCHED_OTHER,0,60,2,1,43.9400
dlp-first,SCHED_OTHER,0,61,2,1,32.2600
dlp-first,SCHED_OTHER,0,62,2,1,50.4000
dlp-first,SCHED_OTHER,0,63,2,1,34.0900
dlp-first,SCHED_OTHER,0,64,2,1,32.9900
dlp-first,SCHED_OTHER,0,65,2,1,43.8300
dlp-first,SCHED_OTHER,0,66,2,1,56.0600
dlp-first,SCHED_OTHER,0,67,2,1,43.4700
dlp-first,SCHED_OTHER,0,68,2,1,51.1500
dlp-first,SCHED_OTHER,0,69,2,1,61.1000
dlp-first,SCHED_OTHER,0,70,2,1,44.7300
dlp-first,SCHED_OTHER,0,71,2,1,61.4700
dlp-first,SCHED_OTHER,0,72,2,1,47.3400
dlp-first,SCHED_OTHER,0,73,2,1,46.2700
dlp-first,SCHED_OTHER,0,74,2,1,52.4200
dlp-first,SCHED_OTHER,0,75,2,1,53.7200
dlp-first,SCHED_OTHER,0,76,2,1,48.1000
dlp-first,SCHED_OTHER,0,77,2,1,60.3300
dlp-first,SCHED_OTHER,0,78,2,1,49.4300
dlp-first,SCHED_OTHER,0,79,2,1,40.0700
dlp-first,SCHED_OTHER,0,80,2,1,49.2100
dlp-first,SCHED_OTHER,0,81,2,1,49.8600
dlp-first,SCHED_OTHER,0,82,2,1,48.3200
dlp-first,SCHED_OTHER,0,83,2,1,56.4300
dlp-first,SCHED_OTHER,0,84,2,1,58.8200
dlp-first,SCHED_OTHER,0,85,2,1,52.0600
dlp-first,SCHED_OTHER,0,86,2,1,72.2700
dlp-first,SCHED_OTHER,0,87,2,1,54.6000
dlp-first,SCHED_OTHER,0,88,2,1,57.9100
dlp-first,SCHED_OTHER,0,89,2,1,51.9000
dlp-first,SCHED_OTHER,0,90,2,1,44.5500
dlp-first,SCHED_OTHER,0,91,2,1,64.7600
dlp-first,SCHED_OTHER,0,92,2,1,69.0700
dlp-first,SCHED_OTHER,0,93,2,1,47.8000
dlp-first,SCHED_OTHER,0,94,2,1,57.7100
dlp-first,SCHED_OTHER,0,95,2,1,50.5100
dlp-first,SCHED_OTHER,0,96,2,1,53.7100
dlp-first,SCHED_OTHER,0,97,2,1,50.3000
dlp-first,SCHED_OTHER,0,98,2,1,66.3600
dlp-first,SCHED_OTHER,0,99,2,1,103.6400
