condition,requested_ms,trial,host_width_ms,scope_width_ms
idle,5.0000,1,5.0224,4.9800
idle,5.0000,2,5.0222,4.9900
idle,5.0000,3,5.0220,4.9900
idle,5.0000,4,5.0060,4.9700
idle,5.0000,5,5.0262,5.0100
idle,5.0000,6,5.0330,5.0000
idle,5.0000,7,5.0299,4.9800
idle,5.0000,8,5.0320,4.9900
idle,5.0000,9,5.0227,4.9700
idle,5.0000,10,5.0672,5.0100
idle,5.0000,11,5.0217,4.9800
idle,5.0000,12,5.0488,4.9900
idle,5.0000,13,5.0326,5.0000
idle,5.0000,14,5.0235,4.9800
idle,5.0000,15,5.0401,4.9800
idle,5.0000,16,5.0215,5.0000
idle,5.0000,17,5.0334,4.9800
idle,5.0000,18,5.0250,4.9900
idle,5.0000,19,5.0214,4.9900
idle,5.0000,20,5.0217,4.9800
idle,5.0000,21,5.0215,4.9900
idle,5.0000,22,5.0496,5.0000
idle,5.0000,23,5.0255,4.9700
idle,5.0000,24,5.0279,4.9900
idle,5.0000,25,5.0370,5.0000
idle,5.0000,26,5.0292,4.9600
idle,5.0000,27,5.0338,5.0000
idle,5.0000,28,5.0287,5.0000
idle,5.0000,29,5.0228,4.9900
idle,5.0000,30,5.0214,4.9700
idle,5.0000,31,5.0058,5.0000
idle,5.0000,32,5.0219,5.0000
idle,5.0000,33,5.0298,5.0100
idle,5.0000,34,5.0224,4.9800
idle,5.0000,35,5.0219,4.9800
idle,5.0000,36,5.0213,4.9900
idle,5.0000,37,5.0251,4.9700
idle,5.0000,38,5.0388,4.9700
idle,5.0000,39,5.0319,5.0000
idle,5.0000,40,5.0216,4.9800
idle,5.0000,41,5.0221,4.9900
idle,5.0000,42,5.0219,4.9900
idle,5.0000,43,5.0205,5.0000
idle,5.0000,44,5.0199,4.9900
idle,5.0000,45,5.0213,4.9900
idle,5.0000,46,5.0222,4.9800
idle,5.0000,47,5.0310,4.9900
idle,5.0000,48,5.0256,4.9800
idle,5.0000,49,5.0252,4.9700
idle,10.0000,0,10.0224,9.9600
idle,10.0000,1,10.0219,9.9800
idle,10.0000,2,10.0223,9.9900
idle,10.0000,3,10.0317,9.9900
idle,10.0000,4,10.0342,10.0000
idle,10.0000,5,10.0206,10.0000
idle,10.0000,6,10.0217,9.9900
idle,10.0000,7,10.0220,9.9900
idle,10.0000,8,10.0209,10.0100
idle,10.0000,9,10.0236,10.0100
idle,10.0000,10,10.0204,9.9900
idle,10.0000,11,10.0257,9.9800
idle,10.0000,12,10.0209,9.9800
idle,10.0000,13,10.0205,9.9000
idle,10.0000,14,10.0313,9.9900
idle,10.0000,15,10.0142,9.9800
idle,10.0000,16,10.0321,9.9200
idle,10.0000,17,10.0213,9.9800
idle,10.0000,18,10.0230,9.9700
idle,10.0000,19,10.0216,9.9800
idle,10.0000,20,10.0216,10.0000
idle,10.0000,21,10.0215,9.9900
idle,10.0000,22,10.0227,9.9700
idle,10.0000,23,10.0052,9.9800
idle,10.0000,24,10.0235,9.9800
idle,10.0000,25,10.0342,10.0000
idle,10.0000,26,10.0213,9.9800
idle,10.0000,27,10.0218,9.9900
idle,10.0000,28,10.0216,9.9800
idle,10.0000,29,10.0218,9.9900
idle,10.0000,30,10.0218,9.9900
idle,10.0000,31,10.0345,9.9900
idle,10.0000,32,10.0346,10.0000
idle,10.0000,33,10.0331,9.9800
idle,10.0000,34,10.0220,9.9600
idle,10.0000,35,10.0454,10.0000
idle,10.0000,36,10.0254,9.9800
idle,10.0000,37,10.0411,10.0000
idle,10.0000,38,10.0451,9.9900
idle,10.0000,39,10.0502,9.9900
idle,10.0000,40,10.0313,9.9900
idle,10.0000,41,10.0376,9.9800
idle,10.0000,42,10.0371,9.9900
idle,10.0000,43,10.0245,9.9900
idle,10.0000,44,10.0250,9.9800
idle,10.0000,45,10.0501,9.9900
idle,10.0000,46,10.0216,9.9800
idle,10.0000,47,10.0247,9.9900
idle,10.0000,48,10.0241,9.9900
idle,10.0000,49,10.0218,9.9800
idle,20.0000,0,20.0301,19.9800
idle,20.0000,1,20.0211,19.9700
idle,20.0000,2,20.0338,20.0000
idle,20.0000,3,20.0408,20.0100
idle,20.0000,4,20.0345,19.9800
idle,20.0000,5,20.0231,19.9900
idle,20.0000,6,20.0251,19.9900
idle,20.0000,7,20.0323,19.9800
idle,20.0000,8,20.0077,19.9500
idle,20.0000,9,20.0231,19.9800
idle,20.0000,10,20.0218,20.0000
idle,20.0000,11,20.0227,19.9900
idle,20.0000,12,20.0216,20.0100
idle,20.0000,13,20.0512,20.0000
idle,20.0000,14,20.0229,19.9900
idle,20.0000,15,20.0220,19.9900
idle,20.0000,16,20.0328,19.9900
idle,20.0000,17,20.0220,19.9800
idle,20.0000,18,20.0356,20.0000
idle,20.0000,19,20.0338,19.9900
idle,20.0000,20,20.0346,19.9900
idle,20.0000,21,20.0235,19.9800
idle,20.0000,22,20.0659,20.0100
idle,20.0000,23,20.0343,19.9800
idle,20.0000,24,20.0291,19.9900
idle,20.0000,25,20.0304,20.0000
idle,20.0000,26,20.0218,19.9900
idle,20.0000,27,20.0229,19.9900
idle,20.0000,28,20.0215,19.9900
idle,20.0000,29,20.0346,19.9900
idle,20.0000,30,20.0222,20.0000
idle,20.0000,31,20.0227,19.9900
idle,20.0000,32,20.0217,19.9800
idle,20.0000,33,20.0514,20.0000
idle,20.0000,34,20.0217,20.0000
idle,20.0000,35,20.0228,20.0000
idle,20.0000,36,20.0223,19.9900
idle,20.0000,37,20.0216,19.9900
idle,20.0000,38,20.0224,19.9900
idle,20.0000,39,20.0219,19.9900
idle,20.0000,40,20.0291,20.0000
idle,20.0000,41,20.0354,19.9700
idle,20.0000,42,20.0220,19.9900
idle,20.0000,43,20.0219,19.9900
idle,20.0000,44,20.0332,19.9800
idle,20.0000,45,20.0235,19.9800
idle,20.0000,46,20.0427,19.9900
idle,20.0000,47,20.0314,20.0000
idle,20.0000,48,20.0265,20.0000
idle,20.0000,49,20.0218,19.9900
idle,50.0000,0,50.0406,50.0000
idle,50.0000,1,50.0237,49.9700
idle,50.0000,2,50.0621,50.0100
idle,50.0000,3,50.0233,49.9800
idle,50.0000,4,50.0252,49.9800
idle,50.0000,5,50.0470,50.0100
idle,50.0000,6,50.0251,49.9900
idle,50.0000,7,50.0369,49.9800
idle,50.0000,8,50.0371,49.9800
idle,50.0000,9,50.0236,49.9800
idle,50.0000,10,50.0256,49.9900
idle,50.0000,11,50.0243,49.9800
idle,50.0000,12,50.0238,49.9800
idle,50.0000,13,50.0243,49.9900
idle,50.0000,14,50.0241,49.9800
idle,50.0000,15,50.0068,49.9800
idle,50.0000,16,50.0247,49.9900
idle,50.0000,17,50.0257,49.9800
idle,50.0000,18,50.0393,50.0000
idle,50.0000,19,50.0381,49.9800
idle,50.0000,20,50.0323,49.9800
idle,50.0000,21,50.0287,50.0000
idle,50.0000,22,50.0235,49.9800
idle,50.0000,23,50.0231,49.9800
idle,50.0000,24,50.0494,50.0100
idle,50.0000,25,50.0268,49.9900
idle,50.0000,26,50.0243,49.9800
idle,50.0000,27,50.0239,49.9800
idle,50.0000,28,50.0232,50.0000
idle,50.0000,29,50.0257,49.9800
idle,50.0000,30,50.0229,49.9800
idle,50.0000,31,50.0295,49.9700
idle,50.0000,32,50.0432,50.0000
idle,50.0000,33,50.0231,49.9800
idle,50.0000,34,50.0231,50.0000
idle,50.0000,35,50.0259,49.9700
idle,50.0000,36,50.0232,49.9900
idle,50.0000,37,50.0233,50.0000
idle,50.0000,38,50.0247,49.9800
idle,50.0000,39,50.0293,49.9900
idle,50.0000,40,50.0085,49.8900
idle,50.0000,41,50.0487,49.9800
idle,50.0000,42,50.0232,49.9900
idle,50.0000,43,50.0319,49.9900
idle,50.0000,44,50.0247,49.9800
idle,50.0000,45,50.0217,49.9900
idle,50.0000,46,50.0321,49.9700
idle,50.0000,47,50.0285,49.9800
idle,50.0000,48,50.0233,49.9900
idle,50.0000,49,50.0305,49.9900
