condition,policy,priority,seed,trial,target_width_ms,target_isi_ms,host_width_ms,host_onset_s
idle,SCHED_OTHER,0,20260808,0,34.9819,20.5536,35.0008,0.000000
idle,SCHED_OTHER,0,20260808,1,23.2772,45.2719,23.2988,0.056129
idle,SCHED_OTHER,0,20260808,2,27.5821,51.7066,27.6011,0.125573
idle,SCHED_OTHER,0,20260808,3,11.6943,82.5011,11.7178,0.205300
idle,SCHED_OTHER,0,20260808,4,29.2257,70.1140,29.2462,0.300188
idle,SCHED_OTHER,0,20260808,5,42.5299,64.8661,42.5378,0.399591
idle,SCHED_OTHER,0,20260808,6,9.7759,82.7076,9.7783,0.507272
idle,SCHED_OTHER,0,20260808,7,10.4781,63.1352,10.4805,0.600219
idle,SCHED_OTHER,0,20260808,8,33.2159,58.0359,33.2232,0.673843
idle,SCHED_OTHER,0,20260808,9,35.5087,45.7491,35.5332,0.765196
idle,SCHED_OTHER,0,20260808,10,15.0744,43.2716,15.0802,0.846859
idle,SCHED_OTHER,0,20260808,11,30.2606,29.5481,30.2719,0.905216
idle,SCHED_OTHER,0,20260808,12,27.2150,96.9840,27.2343,0.965622
idle,SCHED_OTHER,0,20260808,13,42.0627,60.0178,42.0710,1.089999
idle,SCHED_OTHER,0,20260808,14,8.4178,84.6276,8.4229,1.192201
idle,SCHED_OTHER,0,20260808,15,24.1067,48.7629,24.1244,1.285820
idle,SCHED_OTHER,0,20260808,16,17.5246,86.2734,17.5432,1.359073
idle,SCHED_OTHER,0,20260808,17,34.3142,89.5319,34.3176,1.462894
idle,SCHED_OTHER,0,20260808,18,9.2299,70.3932,9.2323,1.587416
idle,SCHED_OTHER,0,20260808,19,47.3320,21.0246,47.3400,1.667814
idle,SCHED_OTHER,0,20260808,20,31.1825,85.8547,31.2036,1.736281
idle,SCHED_OTHER,0,20260808,21,19.3550,60.3115,19.3741,1.853678
idle,SCHED_OTHER,0,20260808,22,45.5396,35.2497,45.5599,1.934203
idle,SCHED_OTHER,0,20260808,23,43.8904,32.5434,43.8988,2.015021
idle,SCHED_OTHER,0,20260808,24,41.5475,36.5232,41.5696,2.092040
idle,SCHED_OTHER,0,20260808,25,22.1903,70.8238,22.2041,2.170741
idle,SCHED_OTHER,0,20260808,26,44.7056,26.4092,44.7264,2.264097
idle,SCHED_OTHER,0,20260808,27,7.7383,17.5868,7.7408,2.335943
idle,SCHED_OTHER,0,20260808,28,38.0242,53.3963,38.0286,2.361804
idle,SCHED_OTHER,0,20260808,29,46.4686,51.0521,46.4896,2.453987
idle,SCHED_OTHER,0,20260808,30,26.5362,90.4321,26.5408,2.551612
idle,SCHED_OTHER,0,20260808,31,34.8164,24.2930,34.8403,2.669326
idle,SCHED_OTHER,0,20260808,32,12.0426,61.9057,12.0620,2.729291
idle,SCHED_OTHER,0,20260808,33,9.3035,97.4578,9.3062,2.803490
idle,SCHED_OTHER,0,20260808,34,6.9435,59.8795,6.9456,2.910935
idle,SCHED_OTHER,0,20260808,35,14.7314,87.5066,14.7499,2.977980
idle,SCHED_OTHER,0,20260808,36,38.1609,53.3207,38.1821,3.080884
idle,SCHED_OTHER,0,20260808,37,38.1065,76.1430,38.1114,3.173181
idle,SCHED_OTHER,0,20260808,38,17.4900,87.8954,17.4938,3.287441
idle,SCHED_OTHER,0,20260808,39,33.1996,95.8992,33.2187,3.393099
idle,SCHED_OTHER,0,20260808,40,44.7675,93.2246,44.7870,3.522495
idle,SCHED_OTHER,0,20260808,41,5.2958,79.3991,5.2984,3.660514
idle,SCHED_OTHER,0,20260808,42,43.8063,13.7706,43.8264,3.745742
idle,SCHED_OTHER,0,20260808,43,35.0996,53.5627,35.1029,3.803690
idle,SCHED_OTHER,0,20260808,44,32.1633,13.1813,32.1712,3.892913
idle,SCHED_OTHER,0,20260808,45,31.1884,95.3478,31.1922,3.938268
idle,SCHED_OTHER,0,20260808,46,12.3109,54.5062,12.3137,4.065636
idle,SCHED_OTHER,0,20260808,47,17.6106,25.0947,17.6132,4.133090
idle,SCHED_OTHER,0,20260808,48,24.9888,65.7636,24.9916,4.175823
idle,SCHED_OTHER,0,20260808,49,37.7227,77.4376,37.7255,4.266925
idle,SCHED_OTHER,0,20260808,50,30.9898,29.2402,30.9942,4.382815
idle,SCHED_OTHER,0,20260808,51,18.2227,70.4272,18.2253,4.443052
idle,SCHED_OTHER,0,20260808,52,5.9663,62.6587,5.9688,4.532435
idle,SCHED_OTHER,0,20260808,53,16.8375,26.1941,16.8400,4.601544
idle,SCHED_OTHER,0,20260808,54,36.2685,58.2785,36.2873,4.644581
idle,SCHED_OTHER,0,20260808,55,39.4895,70.2914,39.5081,4.739975
idle,SCHED_OTHER,0,20260808,56,42.2807,70.2831,42.3026,4.850638
idle,SCHED_OTHER,0,20260808,57,11.6637,44.6593,11.6829,4.964091
idle,SCHED_OTHER,0,20260808,58,41.0970,82.7619,41.1007,5.020890
idle,SCHED_OTHER,0,20260808,59,28.5414,48.8209,28.5611,5.145142
idle,SCHED_OTHER,0,20260808,60,28.6993,59.4984,28.7022,5.222823
idle,SCHED_OTHER,0,20260808,61,14.8805,50.7027,14.8999,5.311662
idle,SCHED_OTHER,0,20260808,62,18.6354,63.1505,18.6386,5.377684
idle,SCHED_OTHER,0,20260808,63,8.6108,90.7218,8.6303,5.459502
idle,SCHED_OTHER,0,20260808,64,20.3663,77.9548,20.3772,5.559303
idle,SCHED_OTHER,0,20260808,65,41.6893,56.1087,41.6956,5.657882
idle,SCHED_OTHER,0,20260808,66,27.0262,87.2783,27.0285,5.755702
idle,SCHED_OTHER,0,20260808,67,24.5534,81.9405,24.5564,5.870010
idle,SCHED_OTHER,0,20260808,68,28.5485,95.8118,28.5514,5.976721
idle,SCHED_OTHER,0,20260808,69,28.9136,17.1675,28.9224,6.101435
idle,SCHED_OTHER,0,20260808,70,18.2922,59.5885,18.2948,6.147528
idle,SCHED_OTHER,0,20260808,71,28.0983,83.9174,28.1185,6.225930
idle,SCHED_OTHER,0,20260808,72,40.3108,72.6424,40.3183,6.338202
idle,SCHED_OTHER,0,20260808,73,20.7599,40.9846,20.7785,6.451662
idle,SCHED_OTHER,0,20260808,74,22.0312,65.7494,22.0497,6.513556
idle,SCHED_OTHER,0,20260808,75,47.9015,23.4882,47.9048,6.601742
idle,SCHED_OTHER,0,20260808,76,34.7463,71.2197,34.7491,6.673769
idle,SCHED_OTHER,0,20260808,77,17.3642,27.7696,17.3828,6.779740
idle,SCHED_OTHER,0,20260808,78,31.4820,97.3023,31.5025,6.825237
idle,SCHED_OTHER,0,20260808,79,26.9781,88.8287,26.9820,6.954044
idle,SCHED_OTHER,0,20260808,80,31.2134,69.8056,31.2319,7.070202
idle,SCHED_OTHER,0,20260808,81,39.0071,79.1670,39.0269,7.171579
idle,SCHED_OTHER,0,20260808,82,18.6734,64.9768,18.6946,7.289774
idle,SCHED_OTHER,0,20260808,83,14.3325,31.1287,14.3349,7.373606
idle,SCHED_OTHER,0,20260808,84,17.1471,34.1504,17.1511,7.419071
idle,SCHED_OTHER,0,20260808,85,24.9913,40.8408,24.9940,7.470374
idle,SCHED_OTHER,0,20260808,86,24.3493,23.6970,24.3697,7.536486
idle,SCHED_OTHER,0,20260808,87,27.5070,55.4006,27.5258,7.584984
idle,SCHED_OTHER,0,20260808,88,46.2917,92.9098,46.3108,7.668635
idle,SCHED_OTHER,0,20260808,89,20.1499,30.9098,20.1526,7.808113
idle,SCHED_OTHER,0,20260808,90,42.4137,79.9814,42.4334,7.859383
idle,SCHED_OTHER,0,20260808,91,34.0063,58.8520,34.0115,7.981923
idle,SCHED_OTHER,0,20260808,92,36.1894,69.1756,36.1929,8.075068
idle,SCHED_OTHER,0,20260808,93,39.0799,56.3900,39.0990,8.180439
idle,SCHED_OTHER,0,20260808,94,44.5899,42.1341,44.5937,8.276680
idle,SCHED_OTHER,0,20260808,95,6.9783,38.1545,6.9972,8.363411
idle,SCHED_OTHER,0,20260808,96,11.9671,93.0038,11.9697,8.408564
idle,SCHED_OTHER,0,20260808,97,21.5287,32.9506,21.5316,8.513695
idle,SCHED_OTHER,0,20260808,98,40.4189,34.2474,40.4212,8.568345
idle,SCHED_OTHER,0,20260808,99,8.5092,19.0412,8.5116,8.643015
idle,SCHED_OTHER,0,20260808,100,37.2674,67.4063,37.2861,8.670649
idle,SCHED_OTHER,0,20260808,101,35.6317,92.0374,35.6354,8.776076
idle,SCHED_OTHER,0,20260808,102,26.6368,66.8425,26.6562,8.903882
idle,SCHED_OTHER,0,20260808,103,13.3308,50.5707,13.3333,8.997675
idle,SCHED_OTHER,0,20260808,104,13.0788,84.5972,13.0821,9.062129
idle,SCHED_OTHER,0,20260808,105,49.1020,37.9989,49.1218,9.160368
idle,SCHED_OTHER,0,20260808,106,5.7318,93.9466,5.7368,9.247601
idle,SCHED_OTHER,0,20260808,107,20.3284,99.6166,20.3308,9.347501
idle,SCHED_OTHER,0,20260808,108,20.6942,34.3926,20.6967,9.467982
idle,SCHED_OTHER,0,20260808,109,36.9428,68.3789,36.9453,9.523798
idle,SCHED_OTHER,0,20260808,110,41.6102,36.0281,41.6167,9.629884
idle,SCHED_OTHER,0,20260808,111,40.2388,21.1542,40.2565,9.707629
idle,SCHED_OTHER,0,20260808,112,20.9680,13.9736,20.9874,9.769044
idle,SCHED_OTHER,0,20260808,113,34.5855,33.0234,34.5879,9.804147
idle,SCHED_OTHER,0,20260808,114,33.6797,36.7274,33.6833,9.871850
idle,SCHED_OTHER,0,20260808,115,5.7779,69.6345,5.7804,9.942678
idle,SCHED_OTHER,0,20260808,116,31.2096,10.7187,31.2290,10.018604
idle,SCHED_OTHER,0,20260808,117,43.1157,98.2810,43.1192,10.060918
idle,SCHED_OTHER,0,20260808,118,15.2622,54.1087,15.2892,10.202320
idle,SCHED_OTHER,0,20260808,119,34.3469,81.8040,34.3514,10.271733
idle,SCHED_OTHER,0,20260808,120,20.6264,72.0686,20.6287,10.388237
idle,SCHED_OTHER,0,20260808,121,37.2971,50.4758,37.3045,10.480979
idle,SCHED_OTHER,0,20260808,122,29.4873,40.8005,29.5038,10.569404
idle,SCHED_OTHER,0,20260808,123,15.4408,13.2103,15.4592,10.639981
idle,SCHED_OTHER,0,20260808,124,38.9886,27.5832,39.0129,10.668653
idle,SCHED_OTHER,0,20260808,125,18.3119,89.7355,18.3313,10.735777
idle,SCHED_OTHER,0,20260808,126,28.3108,70.8854,28.3296,10.844270
idle,SCHED_OTHER,0,20260808,127,36.9680,14.8444,36.9714,10.943774
idle,SCHED_OTHER,0,20260808,128,15.4474,16.1216,15.4663,10.995864
idle,SCHED_OTHER,0,20260808,129,28.6360,33.9439,28.6396,11.027454
idle,SCHED_OTHER,0,20260808,130,29.0540,74.1978,29.0739,11.090206
idle,SCHED_OTHER,0,20260808,131,7.0346,48.3452,7.0366,11.193480
idle,SCHED_OTHER,0,20260808,132,27.9469,22.7335,27.9602,11.249647
idle,SCHED_OTHER,0,20260808,133,41.6711,19.6644,41.6870,11.300738
idle,SCHED_OTHER,0,20260808,134,10.4320,52.6729,10.4383,11.362545
idle,SCHED_OTHER,0,20260808,135,20.4351,91.8303,20.4604,11.426105
idle,SCHED_OTHER,0,20260808,136,10.5637,91.2601,10.5659,11.538729
idle,SCHED_OTHER,0,20260808,137,42.1920,56.1675,42.1966,11.640556
idle,SCHED_OTHER,0,20260808,138,36.5418,82.9426,36.5443,11.738922
idle,SCHED_OTHER,0,20260808,139,30.9943,91.3962,30.9979,11.858618
idle,SCHED_OTHER,0,20260808,140,34.9074,17.3528,34.9124,11.981779
idle,SCHED_OTHER,0,20260808,141,7.0952,31.5218,7.0975,12.034807
idle,SCHED_OTHER,0,20260808,142,11.1432,86.5752,11.1456,12.074155
idle,SCHED_OTHER,0,20260808,143,47.7835,73.1923,47.8034,12.172473
idle,SCHED_OTHER,0,20260808,144,36.7244,26.8325,36.7274,12.293473
idle,SCHED_OTHER,0,20260808,145,11.2505,20.3687,11.2699,12.357319
idle,SCHED_OTHER,0,20260808,146,45.8574,75.8028,45.8651,12.389703
idle,SCHED_OTHER,0,20260808,147,9.7808,85.6053,10.1417,12.512004
idle,SCHED_OTHER,0,20260808,148,48.6017,23.0699,48.6061,12.608341
idle,SCHED_OTHER,0,20260808,149,34.6355,15.8280,34.6412,12.680069
idle,SCHED_OTHER,0,20260808,150,11.3230,40.2175,11.3418,12.730822
idle,SCHED_OTHER,0,20260808,151,8.3851,88.0183,8.3872,12.782383
idle,SCHED_OTHER,0,20260808,152,34.1705,19.2942,34.1750,12.878925
idle,SCHED_OTHER,0,20260808,153,17.2162,12.8640,17.2362,12.933203
idle,SCHED_OTHER,0,20260808,154,28.8474,59.8175,28.8509,12.963565
idle,SCHED_OTHER,0,20260808,155,7.0995,63.0252,7.1182,13.052545
idle,SCHED_OTHER,0,20260808,156,34.9617,94.8334,34.9701,13.122805
idle,SCHED_OTHER,0,20260808,157,23.6608,18.7848,23.6644,13.252930
idle,SCHED_OTHER,0,20260808,158,39.5024,74.3712,39.5124,13.295709
idle,SCHED_OTHER,0,20260808,159,33.9218,86.2535,33.9262,13.410411
idle,SCHED_OTHER,0,20260808,160,19.2344,68.6711,19.2534,13.530595
idle,SCHED_OTHER,0,20260808,161,27.5163,24.9450,27.5190,13.618981
idle,SCHED_OTHER,0,20260808,162,20.9369,18.4232,20.9621,13.671610
idle,SCHED_OTHER,0,20260808,163,46.5081,41.3221,46.5278,13.711696
idle,SCHED_OTHER,0,20260808,164,49.1266,20.8435,49.1456,13.800336
idle,SCHED_OTHER,0,20260808,165,12.2269,13.5799,12.2452,13.870592
idle,SCHED_OTHER,0,20260808,166,19.8533,89.8225,19.8576,13.896927
idle,SCHED_OTHER,0,20260808,167,43.2302,21.6644,43.2425,14.006931
idle,SCHED_OTHER,0,20260808,168,38.9080,90.8004,38.9168,14.072304
idle,SCHED_OTHER,0,20260808,169,26.3595,35.2891,26.3628,14.202395
idle,SCHED_OTHER,0,20260808,170,48.9870,52.6473,48.9941,14.264899
idle,SCHED_OTHER,0,20260808,171,16.2572,23.4406,16.2601,14.366988
idle,SCHED_OTHER,0,20260808,172,9.9634,56.7332,9.9751,14.407366
idle,SCHED_OTHER,0,20260808,173,37.6243,47.7474,37.6291,14.474470
idle,SCHED_OTHER,0,20260808,174,7.5579,15.6461,7.5636,14.560214
idle,SCHED_OTHER,0,20260808,175,12.0800,62.4680,12.0832,14.583890
idle,SCHED_OTHER,0,20260808,176,49.1478,73.9478,49.1506,14.659118
idle,SCHED_OTHER,0,20260808,177,29.1773,71.4462,29.1964,14.782418
idle,SCHED_OTHER,0,20260808,178,42.9910,34.8242,43.0101,14.883765
idle,SCHED_OTHER,0,20260808,179,43.9809,93.9044,43.9998,14.961894
idle,SCHED_OTHER,0,20260808,180,27.8839,13.4812,27.8875,15.100060
idle,SCHED_OTHER,0,20260808,181,15.4914,90.4342,15.4944,15.142063
idle,SCHED_OTHER,0,20260808,182,13.7549,75.3211,13.7611,15.248719
idle,SCHED_OTHER,0,20260808,183,8.5707,87.7317,8.5726,15.338626
idle,SCHED_OTHER,0,20260808,184,8.1267,43.4005,8.1297,15.435385
idle,SCHED_OTHER,0,20260808,185,11.3669,55.1241,11.3698,15.487639
idle,SCHED_OTHER,0,20260808,186,32.0744,30.5345,32.0779,15.554137
idle,SCHED_OTHER,0,20260808,187,25.0029,17.6807,25.0225,15.617348
idle,SCHED_OTHER,0,20260808,188,41.7654,88.5345,41.7839,15.660483
idle,SCHED_OTHER,0,20260808,189,32.7576,46.5137,32.7607,15.791450
idle,SCHED_OTHER,0,20260808,190,46.5135,24.2959,46.5333,15.871332
idle,SCHED_OTHER,0,20260808,191,15.3066,55.0938,15.3107,15.942974
idle,SCHED_OTHER,0,20260808,192,33.6571,21.6490,33.6764,16.013406
idle,SCHED_OTHER,0,20260808,193,6.5452,15.8131,6.5478,16.069196
idle,SCHED_OTHER,0,20260808,194,35.9349,11.8560,35.9387,16.091855
idle,SCHED_OTHER,0,20260808,195,12.1513,79.7973,12.1703,16.139908
idle,SCHED_OTHER,0,20260808,196,37.7828,95.4772,37.8016,16.232229
idle,SCHED_OTHER,0,20260808,197,15.3057,40.3102,15.3091,16.366208
idle,SCHED_OTHER,0,20260808,198,7.8705,61.7752,7.8897,16.422648
idle,SCHED_OTHER,0,20260808,199,28.9200,21.0295,28.9468,16.492670
idle,SCHED_OTHER,0,20260808,200,22.3716,35.9082,22.3901,16.542740
idle,SCHED_OTHER,0,20260808,201,10.8356,76.7111,10.8459,16.601249
idle,SCHED_OTHER,0,20260808,202,27.0310,54.4028,27.0336,16.689245
idle,SCHED_OTHER,0,20260808,203,11.6840,63.8390,11.7025,16.771408
idle,SCHED_OTHER,0,20260808,204,11.3756,41.1046,11.3784,16.847239
idle,SCHED_OTHER,0,20260808,205,5.5524,76.5523,5.5788,16.899730
idle,SCHED_OTHER,0,20260808,206,38.5834,14.0959,38.5866,16.982458
idle,SCHED_OTHER,0,20260808,207,18.7568,94.1455,18.7752,17.035164
idle,SCHED_OTHER,0,20260808,208,20.8020,45.2888,20.8357,17.148108
idle,SCHED_OTHER,0,20260808,209,31.4929,85.2610,31.5148,17.215061
idle,SCHED_OTHER,0,20260808,210,6.1524,43.1102,6.1554,17.331841
idle,SCHED_OTHER,0,20260808,211,34.3462,19.2532,34.3680,17.381119
idle,SCHED_OTHER,0,20260808,212,34.3418,84.8745,34.3612,17.434743
idle,SCHED_OTHER,0,20260808,213,24.2291,79.3967,24.2329,17.554260
idle,SCHED_OTHER,0,20260808,214,42.5961,67.1662,42.6003,17.658647
idle,SCHED_OTHER,0,20260808,215,44.1214,12.7874,44.1404,17.768420
idle,SCHED_OTHER,0,20260808,216,28.9776,94.0687,28.9991,17.825670
idle,SCHED_OTHER,0,20260808,217,15.4681,51.6041,15.4870,17.948831
idle,SCHED_OTHER,0,20260808,218,41.9709,72.7740,41.9743,18.016437
idle,SCHED_OTHER,0,20260808,219,13.6316,13.4148,13.6352,18.131559
idle,SCHED_OTHER,0,20260808,220,19.8101,49.5817,19.8129,18.159322
idle,SCHED_OTHER,0,20260808,221,31.4753,96.9842,31.4941,18.229272
idle,SCHED_OTHER,0,20260808,222,19.3570,88.9429,19.3603,18.357922
idle,SCHED_OTHER,0,20260808,223,40.6633,24.7033,40.6820,18.466444
idle,SCHED_OTHER,0,20260808,224,17.5439,88.2120,17.5623,18.532236
idle,SCHED_OTHER,0,20260808,225,23.4802,76.9637,23.4835,18.638012
idle,SCHED_OTHER,0,20260808,226,12.4881,47.4790,12.5068,18.738647
idle,SCHED_OTHER,0,20260808,227,49.8066,27.6764,49.8299,18.799280
idle,SCHED_OTHER,0,20260808,228,17.0052,85.7567,17.0148,18.877246
idle,SCHED_OTHER,0,20260808,229,47.5055,80.7706,47.5098,18.980445
idle,SCHED_OTHER,0,20260808,230,37.1766,98.5276,37.1801,19.109122
idle,SCHED_OTHER,0,20260808,231,27.6806,58.4855,27.7028,19.245503
idle,SCHED_OTHER,0,20260808,232,44.6110,70.1181,44.6319,19.332350
idle,SCHED_OTHER,0,20260808,233,8.8614,87.5109,8.8818,19.447124
idle,SCHED_OTHER,0,20260808,234,11.3722,91.0441,11.3750,19.544208
idle,SCHED_OTHER,0,20260808,235,43.8447,24.3660,43.8505,19.646762
idle,SCHED_OTHER,0,20260808,236,34.4729,38.9219,34.4929,19.715735
idle,SCHED_OTHER,0,20260808,237,46.3907,80.1263,46.3952,19.789349
idle,SCHED_OTHER,0,20260808,238,44.3531,90.4447,44.3762,19.915900
idle,SCHED_OTHER,0,20260808,239,26.6864,30.2855,26.6913,20.051451
idle,SCHED_OTHER,0,20260808,240,49.4227,36.8190,49.4257,20.109260
idle,SCHED_OTHER,0,20260808,241,5.6745,29.4339,5.6936,20.195809
idle,SCHED_OTHER,0,20260808,242,34.3058,90.1255,34.3284,20.231621
idle,SCHED_OTHER,0,20260808,243,30.6999,12.4076,30.7058,20.356123
idle,SCHED_OTHER,0,20260808,244,33.5417,77.4123,33.5443,20.399923
idle,SCHED_OTHER,0,20260808,245,19.4215,44.5515,19.4249,20.511615
idle,SCHED_OTHER,0,20260808,246,22.2334,81.9794,22.2401,20.576161
idle,SCHED_OTHER,0,20260808,247,10.8170,43.2552,10.8191,20.680551
idle,SCHED_OTHER,0,20260808,248,44.3468,19.1328,44.3659,20.734627
idle,SCHED_OTHER,0,20260808,249,23.4287,12.5384,23.4310,20.798127
idle,SCHED_OTHER,0,20260808,250,34.0545,26.8915,34.0572,20.834676
idle,SCHED_OTHER,0,20260808,251,44.5794,51.6653,44.5839,20.895849
idle,SCHED_OTHER,0,20260808,252,15.4305,61.5041,15.4492,20.992583
idle,SCHED_OTHER,0,20260808,253,36.7541,35.3180,36.7805,21.070160
idle,SCHED_OTHER,0,20260808,254,14.2166,67.0948,14.2357,21.143064
idle,SCHED_OTHER,0,20260808,255,14.3015,68.9805,14.3205,21.224450
idle,SCHED_OTHER,0,20260808,256,24.0606,68.1967,24.0795,21.307929
idle,SCHED_OTHER,0,20260808,257,19.3217,55.6936,19.3412,21.400212
idle,SCHED_OTHER,0,20260808,258,13.7120,71.5951,13.7163,21.475702
idle,SCHED_OTHER,0,20260808,259,27.2331,30.6289,27.2550,21.561565
idle,SCHED_OTHER,0,20260808,260,9.8346,38.6892,9.8399,21.619920
idle,SCHED_OTHER,0,20260808,261,44.0411,48.0272,44.0631,21.668875
idle,SCHED_OTHER,0,20260808,262,24.0952,81.1857,24.1158,21.761061
idle,SCHED_OTHER,0,20260808,263,6.9367,71.3813,6.9395,21.866365
idle,SCHED_OTHER,0,20260808,264,25.7511,81.8878,25.7545,21.945462
idle,SCHED_OTHER,0,20260808,265,37.0292,89.5062,37.0523,22.053402
idle,SCHED_OTHER,0,20260808,266,28.9458,98.9122,28.9493,22.180647
idle,SCHED_OTHER,0,20260808,267,5.2310,46.3391,5.2495,22.308772
idle,SCHED_OTHER,0,20260808,268,20.2530,86.5264,20.2736,22.361152
idle,SCHED_OTHER,0,20260808,269,20.3448,34.1863,20.3730,22.468603
idle,SCHED_OTHER,0,20260808,270,20.9908,81.4818,20.9951,22.523166
idle,SCHED_OTHER,0,20260808,271,21.6886,12.4961,21.7084,22.626326
idle,SCHED_OTHER,0,20260808,272,29.5695,45.4395,29.5899,22.661160
idle,SCHED_OTHER,0,20260808,273,12.2748,51.0541,12.2813,22.736884
idle,SCHED_OTHER,0,20260808,274,13.7704,98.9566,13.7732,22.800295
idle,SCHED_OTHER,0,20260808,275,6.2569,85.2598,6.2767,22.913262
idle,SCHED_OTHER,0,20260808,276,28.5079,91.0866,28.5171,23.004806
idle,SCHED_OTHER,0,20260808,277,34.1157,55.9530,34.1216,23.124508
idle,SCHED_OTHER,0,20260808,278,32.1403,40.8756,32.1465,23.214791
idle,SCHED_OTHER,0,20260808,279,48.7768,61.6877,48.7850,23.288090
idle,SCHED_OTHER,0,20260808,280,47.6123,85.1393,47.6324,23.399012
idle,SCHED_OTHER,0,20260808,281,34.2455,71.6176,34.2504,23.531804
idle,SCHED_OTHER,0,20260808,282,27.3396,90.1203,27.3591,23.638196
idle,SCHED_OTHER,0,20260808,283,21.6955,65.5135,21.6988,23.755713
idle,SCHED_OTHER,0,20260808,284,44.3608,37.5756,44.3668,23.843550
idle,SCHED_OTHER,0,20260808,285,49.7658,53.6083,49.7803,23.926031
idle,SCHED_OTHER,0,20260808,286,5.4147,35.9580,5.4207,24.029920
idle,SCHED_OTHER,0,20260808,287,29.3466,66.1320,29.3497,24.071458
idle,SCHED_OTHER,0,20260808,288,47.5178,50.2942,47.5230,24.166941
idle,SCHED_OTHER,0,20260808,289,15.2329,23.9332,15.2535,24.265593
idle,SCHED_OTHER,0,20260808,290,16.5371,93.5322,16.5619,24.304919
idle,SCHED_OTHER,0,20260808,291,38.9971,76.8416,39.0036,24.415658
idle,SCHED_OTHER,0,20260808,292,37.1391,66.2752,37.1428,24.531810
idle,SCHED_OTHER,0,20260808,293,8.8581,21.2729,8.8764,24.635236
idle,SCHED_OTHER,0,20260808,294,18.6330,32.6850,18.6401,24.666226
idle,SCHED_OTHER,0,20260808,295,34.5505,63.2560,34.5536,24.717977
idle,SCHED_OTHER,0,20260808,296,11.1778,44.4371,11.1965,24.815788
idle,SCHED_OTHER,0,20260808,297,9.1991,20.7520,9.2013,24.872099
idle,SCHED_OTHER,0,20260808,298,24.4297,33.4979,24.4332,24.902412
idle,SCHED_OTHER,0,20260808,299,16.4172,61.0867,16.4199,24.960923
idle,SCHED_OTHER,0,20260808,300,27.0566,59.7739,27.0596,25.038477
idle,SCHED_OTHER,0,20260808,301,29.1301,45.2672,29.1516,25.125667
idle,SCHED_OTHER,0,20260808,302,22.2519,54.8532,22.2710,25.200926
idle,SCHED_OTHER,0,20260808,303,37.0156,68.0471,37.0190,25.278315
idle,SCHED_OTHER,0,20260808,304,32.2322,68.6256,32.2508,25.383477
idle,SCHED_OTHER,0,20260808,305,48.3626,56.3499,48.3816,25.484867
idle,SCHED_OTHER,0,20260808,306,21.7123,10.0576,21.7335,25.590377
idle,SCHED_OTHER,0,20260808,307,43.1093,95.0521,43.1123,25.622222
idle,SCHED_OTHER,0,20260808,308,47.5982,93.5358,47.6035,25.760502
idle,SCHED_OTHER,0,20260808,309,10.4163,95.2392,10.4347,25.902272
idle,SCHED_OTHER,0,20260808,310,14.6147,99.2113,14.6330,26.007947
idle,SCHED_OTHER,0,20260808,311,15.6988,61.4131,15.7190,26.121794
idle,SCHED_OTHER,0,20260808,312,35.3010,69.4791,35.3057,26.199648
idle,SCHED_OTHER,0,20260808,313,30.8379,74.5317,30.8436,26.305599
idle,SCHED_OTHER,0,20260808,314,9.4514,96.4787,9.4543,26.411637
idle,SCHED_OTHER,0,20260808,315,46.4635,20.1484,46.4741,26.518302
idle,SCHED_OTHER,0,20260808,316,46.7355,15.6155,46.7401,26.584933
idle,SCHED_OTHER,0,20260808,317,8.5439,94.6314,8.5526,26.647793
idle,SCHED_OTHER,0,20260808,318,16.4721,31.5951,16.4746,26.751516
idle,SCHED_OTHER,0,20260808,319,9.7089,38.5818,9.7277,26.800116
idle,SCHED_OTHER,0,20260808,320,47.9750,45.3120,47.9864,26.848932
idle,SCHED_OTHER,0,20260808,321,33.1320,44.6006,33.1370,26.943044
idle,SCHED_OTHER,0,20260808,322,23.7932,67.1569,23.7972,27.021306
idle,SCHED_OTHER,0,20260808,323,30.9028,49.5280,30.9072,27.112266
idle,SCHED_OTHER,0,20260808,324,35.6165,22.9283,35.6217,27.193292
idle,SCHED_OTHER,0,20260808,325,47.3403,38.4036,47.3431,27.252038
idle,SCHED_OTHER,0,20260808,326,8.7902,58.6923,8.7945,27.338499
idle,SCHED_OTHER,0,20260808,327,42.3206,22.2743,42.3250,27.406436
idle,SCHED_OTHER,0,20260808,328,35.2227,58.1818,35.2424,27.471893
idle,SCHED_OTHER,0,20260808,329,36.7917,33.3676,36.8130,27.565320
idle,SCHED_OTHER,0,20260808,330,16.0724,74.8787,16.0776,27.636248
idle,SCHED_OTHER,0,20260808,331,30.9862,73.8890,31.0049,27.727476
idle,SCHED_OTHER,0,20260808,332,26.9171,59.7295,26.9363,27.832629
idle,SCHED_OTHER,0,20260808,333,18.7964,32.4275,18.8163,27.919703
idle,SCHED_OTHER,0,20260808,334,37.2780,43.6506,37.2876,27.971636
idle,SCHED_OTHER,0,20260808,335,14.9679,28.1033,14.9844,28.053045
idle,SCHED_OTHER,0,20260808,336,29.9668,45.5281,29.9695,28.096143
idle,SCHED_OTHER,0,20260808,337,30.2302,57.9090,30.2509,28.172227
idle,SCHED_OTHER,0,20260808,338,22.9954,32.2891,23.0142,28.260613
idle,SCHED_OTHER,0,20260808,339,12.2212,10.6391,12.2399,28.316742
idle,SCHED_OTHER,0,20260808,340,33.5815,84.3776,33.5861,28.340101
idle,SCHED_OTHER,0,20260808,341,38.9736,49.2859,38.9952,28.458839
idle,SCHED_OTHER,0,20260808,342,7.5344,92.7377,7.5539,28.547926
idle,SCHED_OTHER,0,20260808,343,9.3006,87.6171,9.3028,28.648658
idle,SCHED_OTHER,0,20260808,344,36.9429,87.5201,36.9459,28.746145
idle,SCHED_OTHER,0,20260808,345,26.7037,46.2643,26.7237,28.871276
idle,SCHED_OTHER,0,20260808,346,42.4142,18.1659,42.4350,28.944268
idle,SCHED_OTHER,0,20260808,347,48.1265,51.1118,48.1327,29.004873
idle,SCHED_OTHER,0,20260808,348,24.8628,26.1257,24.8716,29.104130
idle,SCHED_OTHER,0,20260808,349,45.5866,33.9068,45.5907,29.155129
idle,SCHED_OTHER,0,20260808,350,29.9916,33.7784,30.0120,29.234834
idle,SCHED_OTHER,0,20260808,351,9.3297,31.3969,9.3412,29.298938
idle,SCHED_OTHER,0,20260808,352,29.5491,62.6804,29.5578,29.340402
idle,SCHED_OTHER,0,20260808,353,35.4103,83.9030,35.4159,29.433108
idle,SCHED_OTHER,0,20260808,354,38.3630,52.6809,38.3734,29.552692
idle,SCHED_OTHER,0,20260808,355,42.8730,29.9514,42.8757,29.644199
idle,SCHED_OTHER,0,20260808,356,15.7316,12.8395,15.7348,29.717198
idle,SCHED_OTHER,0,20260808,357,34.1254,77.3816,34.1311,29.746046
idle,SCHED_OTHER,0,20260808,358,16.5935,86.2972,16.5970,29.858354
idle,SCHED_OTHER,0,20260808,359,43.2258,43.4264,43.2368,29.961256
idle,SCHED_OTHER,0,20260808,360,42.3931,11.7355,42.3976,30.048650
idle,SCHED_OTHER,0,20260808,361,43.2605,60.7898,43.2726,30.103165
idle,SCHED_OTHER,0,20260808,362,35.6615,55.5932,35.6858,30.207573
idle,SCHED_OTHER,0,20260808,363,10.4754,47.0274,10.4782,30.299387
idle,SCHED_OTHER,0,20260808,364,31.8373,19.3838,31.8597,30.356988
idle,SCHED_OTHER,0,20260808,365,32.3640,14.2832,32.3833,30.408921
idle,SCHED_OTHER,0,20260808,366,7.3058,87.0267,7.3080,30.456427
idle,SCHED_OTHER,0,20260808,367,49.2202,93.2072,49.2247,30.550909
idle,SCHED_OTHER,0,20260808,368,30.6199,94.2595,30.6232,30.693345
idle,SCHED_OTHER,0,20260808,369,30.0454,95.8856,30.0650,30.818232
idle,SCHED_OTHER,0,20260808,370,46.2245,72.7439,46.2337,30.944502
idle,SCHED_OTHER,0,20260808,371,27.4014,53.0780,27.4216,31.063887
idle,SCHED_OTHER,0,20260808,372,32.2908,63.4371,32.2967,31.144434
idle,SCHED_OTHER,0,20260808,373,28.2219,21.1327,28.2260,31.240879
idle,SCHED_OTHER,0,20260808,374,16.3245,28.8169,16.3295,31.290241
idle,SCHED_OTHER,0,20260808,375,9.5609,11.6712,9.5632,31.335692
idle,SCHED_OTHER,0,20260808,376,20.1571,74.9818,20.1807,31.357386
idle,SCHED_OTHER,0,20260808,377,22.4585,82.8729,22.4779,31.452733
idle,SCHED_OTHER,0,20260808,378,34.5222,30.5246,34.5303,31.558371
idle,SCHED_OTHER,0,20260808,379,12.8754,53.3266,12.8830,31.623976
idle,SCHED_OTHER,0,20260808,380,18.3917,67.6778,18.3970,31.690978
idle,SCHED_OTHER,0,20260808,381,26.0622,99.7041,26.0679,31.777519
idle,SCHED_OTHER,0,20260808,382,35.2867,50.8942,35.3099,31.903762
idle,SCHED_OTHER,0,20260808,383,28.7896,94.7866,28.8119,31.990202
idle,SCHED_OTHER,0,20260808,384,29.1477,67.3292,29.1549,32.114205
idle,SCHED_OTHER,0,20260808,385,17.1841,60.3393,17.1874,32.211517
idle,SCHED_OTHER,0,20260808,386,7.3006,15.5428,7.3189,32.289851
idle,SCHED_OTHER,0,20260808,387,27.9844,47.8516,27.9921,32.313291
idle,SCHED_OTHER,0,20260808,388,15.8129,55.8647,15.8155,32.389402
idle,SCHED_OTHER,0,20260808,389,33.8723,35.8084,33.8765,32.461349
idle,SCHED_OTHER,0,20260808,390,30.3381,61.8538,30.3416,32.531346
idle,SCHED_OTHER,0,20260808,391,45.8270,96.8560,45.8457,32.623820
idle,SCHED_OTHER,0,20260808,392,48.2901,96.4972,48.3091,32.766842
idle,SCHED_OTHER,0,20260808,393,30.8212,64.3052,30.8440,32.912330
idle,SCHED_OTHER,0,20260808,394,24.2312,28.5658,24.2336,33.008322
idle,SCHED_OTHER,0,20260808,395,29.7789,11.1050,29.7821,33.061674
idle,SCHED_OTHER,0,20260808,396,32.8143,99.2303,32.8191,33.102570
idle,SCHED_OTHER,0,20260808,397,40.7108,84.5113,40.7338,33.234622
idle,SCHED_OTHER,0,20260808,398,46.2250,98.0252,46.2285,33.360524
idle,SCHED_OTHER,0,20260808,399,30.2574,16.4878,30.2610,33.504928
idle,SCHED_OTHER,0,20260808,400,41.8602,72.3376,41.8810,33.552316
idle,SCHED_OTHER,0,20260808,401,45.4127,29.3998,45.4170,33.667357
idle,SCHED_OTHER,0,20260808,402,22.0679,67.3155,22.0707,33.742904
idle,SCHED_OTHER,0,20260808,403,20.3988,76.4919,20.4187,33.833134
idle,SCHED_OTHER,0,20260808,404,22.7329,44.9310,22.7392,33.930717
idle,SCHED_OTHER,0,20260808,405,31.9253,60.6826,31.9454,33.998599
idle,SCHED_OTHER,0,20260808,406,41.4162,88.1409,41.4222,34.091676
idle,SCHED_OTHER,0,20260808,407,7.2955,82.5261,7.3016,34.221283
idle,SCHED_OTHER,0,20260808,408,41.7713,81.5225,41.7984,34.311769
idle,SCHED_OTHER,0,20260808,409,23.7068,16.8954,23.7115,34.435742
idle,SCHED_OTHER,0,20260808,410,33.0609,63.7817,33.0638,34.476572
idle,SCHED_OTHER,0,20260808,411,38.7345,17.8305,38.7551,34.573767
idle,SCHED_OTHER,0,20260808,412,20.4371,13.1619,20.4416,34.630646
idle,SCHED_OTHER,0,20260808,413,18.9345,50.6784,18.9372,34.664252
idle,SCHED_OTHER,0,20260808,414,42.4280,34.8032,42.4323,34.734311
idle,SCHED_OTHER,0,20260808,415,37.5386,47.6992,37.5455,34.811875
idle,SCHED_OTHER,0,20260808,416,35.8606,53.3664,35.8637,34.897553
idle,SCHED_OTHER,0,20260808,417,23.6121,23.0727,23.6195,34.987555
idle,SCHED_OTHER,0,20260808,418,19.7704,60.5278,19.7780,35.034292
idle,SCHED_OTHER,0,20260808,419,7.2254,91.0809,7.2408,35.115204
idle,SCHED_OTHER,0,20260808,420,49.8127,98.9630,49.8345,35.213621
idle,SCHED_OTHER,0,20260808,421,14.1929,39.2508,14.1961,35.362642
idle,SCHED_OTHER,0,20260808,422,17.4412,56.6663,17.4442,35.416093
idle,SCHED_OTHER,0,20260808,423,17.5148,93.6226,17.5215,35.490663
idle,SCHED_OTHER,0,20260808,424,6.3552,71.0576,6.3573,35.602362
idle,SCHED_OTHER,0,20260808,425,18.1295,50.3758,18.1482,35.679886
idle,SCHED_OTHER,0,20260808,426,35.1846,86.6725,35.1880,35.749156
idle,SCHED_OTHER,0,20260808,427,23.0286,82.9060,23.0313,35.871517
idle,SCHED_OTHER,0,20260808,428,8.2684,79.9928,8.2719,35.977732
idle,SCHED_OTHER,0,20260808,429,9.8011,56.0164,9.8150,36.066164
idle,SCHED_OTHER,0,20260808,430,30.4719,74.8111,30.4768,36.132109
idle,SCHED_OTHER,0,20260808,431,46.3109,10.9241,46.3139,36.237740
idle,SCHED_OTHER,0,20260808,432,9.2304,87.3476,9.2328,36.295171
idle,SCHED_OTHER,0,20260808,433,10.8659,82.5527,10.8685,36.392564
idle,SCHED_OTHER,0,20260808,434,45.2277,79.9123,45.2506,36.486620
idle,SCHED_OTHER,0,20260808,435,26.3842,50.4423,26.4036,36.611986
idle,SCHED_OTHER,0,20260808,436,10.9933,82.7957,11.0123,36.689517
idle,SCHED_OTHER,0,20260808,437,15.5491,35.5675,15.5681,36.783692
idle,SCHED_OTHER,0,20260808,438,17.4549,57.6212,17.4593,36.835411
idle,SCHED_OTHER,0,20260808,439,49.7954,97.1842,49.8056,36.910975
idle,SCHED_OTHER,0,20260808,440,23.2456,17.3605,23.2654,37.057969
idle,SCHED_OTHER,0,20260808,441,25.7306,28.5210,25.7352,37.099355
idle,SCHED_OTHER,0,20260808,442,26.2060,62.8485,26.2099,37.154203
idle,SCHED_OTHER,0,20260808,443,48.8287,31.0371,48.8328,37.243543
idle,SCHED_OTHER,0,20260808,444,37.8602,27.5457,37.8817,37.323494
idle,SCHED_OTHER,0,20260808,445,7.7379,49.2257,7.7440,37.389505
idle,SCHED_OTHER,0,20260808,446,38.6825,61.5232,38.7031,37.446476
idle,SCHED_OTHER,0,20260808,447,16.4227,51.8841,16.4261,37.547324
idle,SCHED_OTHER,0,20260808,448,36.5357,74.1104,36.5545,37.615890
idle,SCHED_OTHER,0,20260808,449,25.5551,51.5201,25.5587,37.726589
idle,SCHED_OTHER,0,20260808,450,22.5924,28.6610,22.6119,37.804268
idle,SCHED_OTHER,0,20260808,451,26.5318,14.5415,26.5532,37.855976
idle,SCHED_OTHER,0,20260808,452,45.2465,10.1467,45.2696,37.897655
idle,SCHED_OTHER,0,20260808,453,42.5703,85.8220,42.5740,37.953075
idle,SCHED_OTHER,0,20260808,454,30.7097,14.0955,30.7172,38.081808
idle,SCHED_OTHER,0,20260808,455,24.2561,81.7901,24.2599,38.126644
idle,SCHED_OTHER,0,20260808,456,41.1050,46.6024,41.1246,38.232990
idle,SCHED_OTHER,0,20260808,457,18.5874,82.3823,18.5907,38.321253
idle,SCHED_OTHER,0,20260808,458,19.6758,41.2810,19.6945,38.422980
idle,SCHED_OTHER,0,20260808,459,21.2612,59.8511,21.2670,38.484799
idle,SCHED_OTHER,0,20260808,460,5.0131,62.7754,5.0178,38.566202
idle,SCHED_OTHER,0,20260808,461,30.8023,56.4667,30.8207,38.634358
idle,SCHED_OTHER,0,20260808,462,19.3012,25.5320,19.3197,38.722305
idle,SCHED_OTHER,0,20260808,463,6.5553,40.7369,6.5579,38.767740
idle,SCHED_OTHER,0,20260808,464,21.9757,72.6152,21.9785,38.815411
idle,SCHED_OTHER,0,20260808,465,43.3366,15.8719,43.3407,38.910531
idle,SCHED_OTHER,0,20260808,466,20.0267,91.6791,20.0503,38.969975
idle,SCHED_OTHER,0,20260808,467,10.8463,25.0322,10.8496,39.082188
idle,SCHED_OTHER,0,20260808,468,26.1415,16.0025,26.1622,39.118153
idle,SCHED_OTHER,0,20260808,469,46.2122,63.5987,46.2154,39.160426
idle,SCHED_OTHER,0,20260808,470,23.6039,81.7853,23.6074,39.270770
idle,SCHED_OTHER,0,20260808,471,48.8315,58.7886,48.8353,39.376530
idle,SCHED_OTHER,0,20260808,472,44.1823,65.1004,44.1853,39.484499
idle,SCHED_OTHER,0,20260808,473,41.1483,27.4122,41.1670,39.593818
idle,SCHED_OTHER,0,20260808,474,14.4369,53.7041,14.4400,39.663095
idle,SCHED_OTHER,0,20260808,475,41.5415,86.2371,41.5605,39.731651
idle,SCHED_OTHER,0,20260808,476,12.2644,62.5031,12.2667,39.859450
idle,SCHED_OTHER,0,20260808,477,49.1471,99.9904,49.1516,39.934845
idle,SCHED_OTHER,0,20260808,478,44.2502,42.3046,44.2552,40.084165
idle,SCHED_OTHER,0,20260808,479,23.5537,79.3387,23.5736,40.171538
idle,SCHED_OTHER,0,20260808,480,34.7851,48.7498,34.7885,40.275265
idle,SCHED_OTHER,0,20260808,481,14.3084,82.8069,14.3272,40.359176
idle,SCHED_OTHER,0,20260808,482,9.7324,67.9419,9.7362,40.456657
idle,SCHED_OTHER,0,20260808,483,42.2966,71.1125,42.3002,40.534539
idle,SCHED_OTHER,0,20260808,484,37.2279,57.1790,37.2309,40.647972
idle,SCHED_OTHER,0,20260808,485,16.5303,67.9216,16.5386,40.742384
idle,SCHED_OTHER,0,20260808,486,22.9886,98.0013,22.9915,40.827065
idle,SCHED_OTHER,0,20260808,487,31.9748,65.6738,31.9910,40.948224
idle,SCHED_OTHER,0,20260808,488,28.6420,95.5870,28.6633,41.046350
idle,SCHED_OTHER,0,20260808,489,41.1847,68.4888,41.1939,41.171180
idle,SCHED_OTHER,0,20260808,490,16.3177,45.6033,16.3219,41.281508
idle,SCHED_OTHER,0,20260808,491,43.2540,23.1273,43.2737,41.343928
idle,SCHED_OTHER,0,20260808,492,48.6483,26.6028,48.6511,41.410336
idle,SCHED_OTHER,0,20260808,493,41.3594,60.9567,41.3622,41.486103
idle,SCHED_OTHER,0,20260808,494,21.8570,51.8792,21.8599,41.588596
idle,SCHED_OTHER,0,20260808,495,29.1011,84.2991,29.1035,41.662576
idle,SCHED_OTHER,0,20260808,496,16.5007,26.5771,16.5192,41.776830
idle,SCHED_OTHER,0,20260808,497,25.0547,58.3117,25.0571,41.820463
idle,SCHED_OTHER,0,20260808,498,34.4495,82.2647,34.4539,41.904642
idle,SCHED_OTHER,0,20260808,499,36.0831,42.0103,36.0862,42.021362
idle,SCHED_OTHER,0,20260808,500,45.2441,72.8468,45.2506,42.099571
idle,SCHED_OTHER,0,20260808,501,33.2536,20.7465,33.2609,42.217995
idle,SCHED_OTHER,0,20260808,502,21.4516,38.1695,21.4556,42.272383
idle,SCHED_OTHER,0,20260808,503,5.3235,81.4327,5.3259,42.332010
idle,SCHED_OTHER,0,20260808,504,20.8938,39.8983,20.8972,42.419512
idle,SCHED_OTHER,0,20260808,505,48.6014,54.4033,48.6038,42.480539
idle,SCHED_OTHER,0,20260808,506,33.5795,36.2972,33.5983,42.584266
idle,SCHED_OTHER,0,20260808,507,11.8656,13.1144,11.8679,42.654972
idle,SCHED_OTHER,0,20260808,508,31.5510,64.8041,31.5537,42.679956
idle,SCHED_OTHER,0,20260808,509,6.4583,69.1052,6.4605,42.776643
idle,SCHED_OTHER,0,20260808,510,37.1657,66.0053,37.1725,42.852241
idle,SCHED_OTHER,0,20260808,511,31.9597,96.0466,31.9647,42.955564
idle,SCHED_OTHER,0,20260808,512,10.4774,65.8328,10.4803,43.083729
idle,SCHED_OTHER,0,20260808,513,47.3981,61.6567,47.4035,43.160378
idle,SCHED_OTHER,0,20260808,514,34.1471,24.5459,34.1506,43.269929
idle,SCHED_OTHER,0,20260808,515,41.4649,63.2755,41.4686,43.329205
idle,SCHED_OTHER,0,20260808,516,25.8751,42.5145,25.8792,43.434809
idle,SCHED_OTHER,0,20260808,517,29.7934,77.0315,29.7965,43.503801
idle,SCHED_OTHER,0,20260808,518,26.3262,76.5736,26.3303,43.610741
idle,SCHED_OTHER,0,20260808,519,10.3606,21.2811,10.3628,43.714224
idle,SCHED_OTHER,0,20260808,520,20.0348,28.3629,20.0423,43.746698
idle,SCHED_OTHER,0,20260808,521,45.1228,68.6382,45.1288,43.795871
idle,SCHED_OTHER,0,20260808,522,30.0131,75.0259,30.0183,43.910146
idle,SCHED_OTHER,0,20260808,523,32.4079,36.5699,32.4116,44.015306
idle,SCHED_OTHER,0,20260808,524,30.5579,50.4241,30.5775,44.084829
idle,SCHED_OTHER,0,20260808,525,42.8187,29.1478,42.8219,44.166523
idle,SCHED_OTHER,0,20260808,526,26.7437,54.0054,26.7633,44.238495
idle,SCHED_OTHER,0,20260808,527,7.8651,42.9278,7.8680,44.319387
idle,SCHED_OTHER,0,20260808,528,20.8993,38.5999,20.9196,44.370374
idle,SCHED_OTHER,0,20260808,529,46.3567,82.6245,46.3594,44.430413
idle,SCHED_OTHER,0,20260808,530,18.2761,38.2104,18.2816,44.559926
idle,SCHED_OTHER,0,20260808,531,18.8170,27.4657,18.8219,44.616420
idle,SCHED_OTHER,0,20260808,532,42.5327,81.3756,42.5430,44.663363
idle,SCHED_OTHER,0,20260808,533,47.7450,21.7160,47.7496,44.788058
idle,SCHED_OTHER,0,20260808,534,30.1951,84.6817,30.2034,44.857919
idle,SCHED_OTHER,0,20260808,535,44.7071,22.1694,44.7105,44.973285
idle,SCHED_OTHER,0,20260808,536,38.2475,75.9576,38.2545,45.040167
idle,SCHED_OTHER,0,20260808,537,9.7626,54.9052,9.7652,45.154574
idle,SCHED_OTHER,0,20260808,538,20.9394,30.8365,20.9432,45.219464
idle,SCHED_OTHER,0,20260808,539,8.1836,38.4246,8.2043,45.271524
idle,SCHED_OTHER,0,20260808,540,15.4786,86.9342,15.4972,45.318839
idle,SCHED_OTHER,0,20260808,541,27.4852,75.3183,27.5040,45.421493
idle,SCHED_OTHER,0,20260808,542,38.0907,88.6050,38.0933,45.525140
idle,SCHED_OTHER,0,20260808,543,6.7163,12.9559,6.7345,45.652429
idle,SCHED_OTHER,0,20260808,544,23.4230,59.3599,23.4333,45.672288
idle,SCHED_OTHER,0,20260808,545,18.1261,94.9054,18.1457,45.755855
idle,SCHED_OTHER,0,20260808,546,25.4734,99.6794,25.4957,45.869187
idle,SCHED_OTHER,0,20260808,547,42.1319,34.8829,42.1509,45.994861
idle,SCHED_OTHER,0,20260808,548,44.4255,11.5546,44.4445,46.072124
idle,SCHED_OTHER,0,20260808,549,26.0884,84.6080,26.0913,46.128682
idle,SCHED_OTHER,0,20260808,550,19.4482,45.2753,19.4684,46.239927
idle,SCHED_OTHER,0,20260808,551,29.2624,85.5037,29.2813,46.305514
idle,SCHED_OTHER,0,20260808,552,43.2403,67.5264,43.2597,46.420921
idle,SCHED_OTHER,0,20260808,553,48.3660,60.5896,48.3685,46.532314
idle,SCHED_OTHER,0,20260808,554,24.9412,75.8045,24.9596,46.641808
idle,SCHED_OTHER,0,20260808,555,15.9423,81.7192,15.9610,46.742911
idle,SCHED_OTHER,0,20260808,556,41.3341,95.3826,41.3371,46.840988
idle,SCHED_OTHER,0,20260808,557,35.7476,55.7028,35.7514,46.978489
idle,SCHED_OTHER,0,20260808,558,24.6748,57.1236,24.6934,47.070359
idle,SCHED_OTHER,0,20260808,559,26.8252,63.6932,26.8281,47.152178
idle,SCHED_OTHER,0,20260808,560,17.2479,28.3212,17.2553,47.243132
idle,SCHED_OTHER,0,20260808,561,22.6199,99.2991,22.6264,47.289551
idle,SCHED_OTHER,0,20260808,562,42.6335,80.3510,42.6371,47.411483
idle,SCHED_OTHER,0,20260808,563,23.6948,30.8323,23.7127,47.535318
idle,SCHED_OTHER,0,20260808,564,27.3136,22.1732,27.3215,47.590147
idle,SCHED_OTHER,0,20260808,565,10.4616,26.8981,10.4696,47.639645
idle,SCHED_OTHER,0,20260808,566,7.2475,52.1351,7.2668,47.677227
idle,SCHED_OTHER,0,20260808,567,29.6992,42.3160,29.7185,47.736631
idle,SCHED_OTHER,0,20260808,568,37.5150,47.8151,37.5397,47.809462
idle,SCHED_OTHER,0,20260808,569,6.9631,82.6362,6.9716,47.895119
idle,SCHED_OTHER,0,20260808,570,20.1549,36.7715,20.1611,47.985247
idle,SCHED_OTHER,0,20260808,571,6.0991,75.1127,6.1015,48.042539
idle,SCHED_OTHER,0,20260808,572,11.4902,72.5652,11.4936,48.123790
idle,SCHED_OTHER,0,20260808,573,37.0539,88.8719,37.0631,48.208443
idle,SCHED_OTHER,0,20260808,574,20.4869,66.8317,20.5098,48.334667
idle,SCHED_OTHER,0,20260808,575,24.6462,23.5791,24.6493,48.422318
idle,SCHED_OTHER,0,20260808,576,5.7091,99.7048,5.7122,48.471080
idle,SCHED_OTHER,0,20260808,577,49.3335,33.9707,49.3367,48.576927
idle,SCHED_OTHER,0,20260808,578,36.8577,56.0714,36.8614,48.660387
idle,SCHED_OTHER,0,20260808,579,12.4245,62.3648,12.4437,48.753372
idle,SCHED_OTHER,0,20260808,580,45.4568,72.2209,45.4593,48.828921
idle,SCHED_OTHER,0,20260808,581,21.3436,13.3252,21.3470,48.946603
idle,SCHED_OTHER,0,20260808,582,11.7611,74.6752,11.7684,48.982062
idle,SCHED_OTHER,0,20260808,583,30.7869,45.3127,30.7894,49.068974
idle,SCHED_OTHER,0,20260808,584,34.5391,63.4903,34.5433,49.145880
idle,SCHED_OTHER,0,20260808,585,14.7020,27.2427,14.7052,49.244550
idle,SCHED_OTHER,0,20260808,586,42.0062,68.7032,42.0256,49.286500
idle,SCHED_OTHER,0,20260808,587,31.3567,96.6755,31.3754,49.397668
idle,SCHED_OTHER,0,20260808,588,5.4401,31.3756,5.4429,49.526231
idle,SCHED_OTHER,0,20260808,589,9.9324,78.7737,9.9353,49.563788
idle,SCHED_OTHER,0,20260808,590,35.8589,27.6320,35.8776,49.652874
idle,SCHED_OTHER,0,20260808,591,7.5631,53.9462,7.5669,49.716864
idle,SCHED_OTHER,0,20260808,592,9.7644,57.7222,9.7668,49.778558
idle,SCHED_OTHER,0,20260808,593,6.7565,72.7738,6.7584,49.846449
idle,SCHED_OTHER,0,20260808,594,40.6185,25.8468,40.6382,49.926352
idle,SCHED_OTHER,0,20260808,595,34.0089,63.6849,34.0178,49.993105
idle,SCHED_OTHER,0,20260808,596,18.7626,85.4679,18.7672,50.091274
idle,SCHED_OTHER,0,20260808,597,23.1549,82.5776,23.1584,50.196220
idle,SCHED_OTHER,0,20260808,598,25.3704,55.2318,25.3748,50.302559
idle,SCHED_OTHER,0,20260808,599,41.2768,47.7917,41.2839,50.383172
idle,SCHED_OTHER,0,20260808,600,45.5759,41.6883,45.5819,50.472606
idle,SCHED_OTHER,0,20260808,601,29.3510,92.5008,29.3701,50.560302
idle,SCHED_OTHER,0,20260808,602,9.7253,38.8760,9.7292,50.682845
idle,SCHED_OTHER,0,20260808,603,44.9208,52.6455,44.9402,50.731711
idle,SCHED_OTHER,0,20260808,604,11.6898,99.2302,11.7086,50.829775
idle,SCHED_OTHER,0,20260808,605,18.2535,80.7734,18.2798,50.943951
idle,SCHED_OTHER,0,20260808,606,28.7828,18.4452,28.8018,51.043395
idle,SCHED_OTHER,0,20260808,607,38.4063,92.2437,38.4142,51.091319
idle,SCHED_OTHER,0,20260808,608,42.1875,64.6970,42.1907,51.221979
idle,SCHED_OTHER,0,20260808,609,38.5829,22.4828,38.5898,51.329305
idle,SCHED_OTHER,0,20260808,610,32.4055,38.5112,32.4119,51.390975
idle,SCHED_OTHER,0,20260808,611,29.9513,20.1642,29.9723,51.462538
idle,SCHED_OTHER,0,20260808,612,13.4169,51.7121,13.4194,51.512684
idle,SCHED_OTHER,0,20260808,613,43.8622,58.9573,43.8663,51.578226
idle,SCHED_OTHER,0,20260808,614,39.7573,84.5171,39.7610,51.681218
idle,SCHED_OTHER,0,20260808,615,8.8510,44.0461,8.8555,51.806140
idle,SCHED_OTHER,0,20260808,616,10.7630,20.0879,10.7687,51.859109
idle,SCHED_OTHER,0,20260808,617,15.1603,57.0640,15.1796,51.889973
idle,SCHED_OTHER,0,20260808,618,10.5654,43.9580,10.5728,51.962291
idle,SCHED_OTHER,0,20260808,619,32.7543,80.9763,32.7748,52.016976
idle,SCHED_OTHER,0,20260808,620,18.2035,56.4974,18.2229,52.130905
idle,SCHED_OTHER,0,20260808,621,28.9924,11.3167,29.0142,52.206254
idle,SCHED_OTHER,0,20260808,622,9.6094,70.7866,9.6296,52.247387
idle,SCHED_OTHER,0,20260808,623,9.3867,48.1534,9.4053,52.328158
idle,SCHED_OTHER,0,20260808,624,27.4272,35.4204,27.4465,52.385719
idle,SCHED_OTHER,0,20260808,625,8.8746,17.6748,8.8814,52.449294
idle,SCHED_OTHER,0,20260808,626,48.0946,22.0302,48.0975,52.476287
idle,SCHED_OTHER,0,20260808,627,18.4721,13.6826,18.4757,52.546497
idle,SCHED_OTHER,0,20260808,628,42.7172,15.2091,42.7230,52.579105
idle,SCHED_OTHER,0,20260808,629,31.2984,71.7227,31.3014,52.637039
idle,SCHED_OTHER,0,20260808,630,45.5719,25.6437,45.5912,52.740482
idle,SCHED_OTHER,0,20260808,631,19.3252,59.3676,19.3284,52.812184
idle,SCHED_OTHER,0,20260808,632,26.8116,76.7450,26.8153,52.891655
idle,SCHED_OTHER,0,20260808,633,33.3002,96.8457,33.3202,52.995617
idle,SCHED_OTHER,0,20260808,634,9.2311,93.2704,9.2496,53.126106
idle,SCHED_OTHER,0,20260808,635,19.3608,93.0950,19.3717,53.228628
idle,SCHED_OTHER,0,20260808,636,25.9443,51.5917,25.9652,53.341179
idle,SCHED_OTHER,0,20260808,637,26.3320,37.8630,26.3514,53.419273
idle,SCHED_OTHER,0,20260808,638,33.6287,19.5766,33.6323,53.483737
idle,SCHED_OTHER,0,20260808,639,27.4818,90.2731,27.4860,53.537481
idle,SCHED_OTHER,0,20260808,640,33.2405,32.2778,33.2690,53.655242
idle,SCHED_OTHER,0,20260808,641,21.0263,52.4083,21.0449,53.721647
idle,SCHED_OTHER,0,20260808,642,6.7665,72.3511,6.7695,53.795845
idle,SCHED_OTHER,0,20260808,643,14.6553,83.6180,14.6594,53.876927
idle,SCHED_OTHER,0,20260808,644,19.6806,89.3544,19.6941,53.975769
idle,SCHED_OTHER,0,20260808,645,7.0610,35.3411,7.0633,54.085647
idle,SCHED_OTHER,0,20260808,646,39.1741,61.6316,39.1944,54.128828
idle,SCHED_OTHER,0,20260808,647,31.7776,55.0291,31.7887,54.230158
idle,SCHED_OTHER,0,20260808,648,38.9691,44.6999,38.9719,54.317069
idle,SCHED_OTHER,0,20260808,649,19.5034,80.4633,19.5066,54.401155
idle,SCHED_OTHER,0,20260808,650,44.8755,49.5335,44.8957,54.501825
idle,SCHED_OTHER,0,20260808,651,14.4480,31.0185,14.4515,54.596838
idle,SCHED_OTHER,0,20260808,652,20.5203,80.6874,20.5400,54.642408
idle,SCHED_OTHER,0,20260808,653,18.9243,22.8938,18.9298,54.744105
idle,SCHED_OTHER,0,20260808,654,19.4344,94.2316,19.4544,54.786146
idle,SCHED_OTHER,0,20260808,655,7.5412,10.8171,7.5606,54.899834
idle,SCHED_OTHER,0,20260808,656,5.6858,83.8757,5.7044,54.918521
idle,SCHED_OTHER,0,20260808,657,47.5051,23.0813,47.5195,55.008393
idle,SCHED_OTHER,0,20260808,658,8.9815,22.2943,8.9843,55.079052
idle,SCHED_OTHER,0,20260808,659,45.0848,14.7387,45.1054,55.111154
idle,SCHED_OTHER,0,20260808,660,28.7796,73.8047,28.7823,55.171378
idle,SCHED_OTHER,0,20260808,661,7.7202,34.0826,7.7396,55.274299
idle,SCHED_OTHER,0,20260808,662,25.9137,47.6711,25.9209,55.316152
idle,SCHED_OTHER,0,20260808,663,7.9761,30.8354,7.9964,55.390191
idle,SCHED_OTHER,0,20260808,664,27.8250,22.3615,27.8299,55.429314
idle,SCHED_OTHER,0,20260808,665,44.2621,81.8110,44.2812,55.480256
idle,SCHED_OTHER,0,20260808,666,11.8730,86.5967,11.8877,55.606684
idle,SCHED_OTHER,0,20260808,667,14.5082,33.9967,14.5270,55.705742
idle,SCHED_OTHER,0,20260808,668,25.0227,62.5268,25.0414,55.754396
idle,SCHED_OTHER,0,20260808,669,49.2073,23.4669,49.2259,55.842570
idle,SCHED_OTHER,0,20260808,670,27.8670,65.7033,27.8870,55.915913
idle,SCHED_OTHER,0,20260808,671,47.6228,16.9827,47.6284,56.009951
idle,SCHED_OTHER,0,20260808,672,10.0074,83.0998,10.0108,56.074703
idle,SCHED_OTHER,0,20260808,673,24.4750,55.8238,24.4952,56.167883
idle,SCHED_OTHER,0,20260808,674,30.0955,96.3046,30.1007,56.248514
idle,SCHED_OTHER,0,20260808,675,27.8932,24.7037,27.9135,56.374923
idle,SCHED_OTHER,0,20260808,676,5.1543,84.1568,5.1615,56.427924
idle,SCHED_OTHER,0,20260808,677,6.8114,33.7927,6.8137,56.517252
idle,SCHED_OTHER,0,20260808,678,45.2896,71.7228,45.3129,56.558187
idle,SCHED_OTHER,0,20260808,679,34.6774,50.4819,34.6971,56.675646
idle,SCHED_OTHER,0,20260808,680,26.4441,40.4127,26.4658,56.761465
idle,SCHED_OTHER,0,20260808,681,13.7079,71.0345,13.7102,56.829045
idle,SCHED_OTHER,0,20260808,682,35.3552,59.0116,35.3589,56.913901
idle,SCHED_OTHER,0,20260808,683,48.7070,99.0943,48.7212,57.008405
idle,SCHED_OTHER,0,20260808,684,11.5529,94.5011,11.5561,57.156304
idle,SCHED_OTHER,0,20260808,685,25.7408,87.4400,25.7602,57.262983
idle,SCHED_OTHER,0,20260808,686,29.3451,51.8932,29.3510,57.376909
idle,SCHED_OTHER,0,20260808,687,44.1161,35.8659,44.1364,57.458391
idle,SCHED_OTHER,0,20260808,688,23.7978,76.0711,23.8166,57.538660
idle,SCHED_OTHER,0,20260808,689,29.0043,52.7505,29.0230,57.638623
idle,SCHED_OTHER,0,20260808,690,35.8522,34.2202,35.8558,57.720771
idle,SCHED_OTHER,0,20260808,691,49.6899,24.8317,49.6970,57.790849
idle,SCHED_OTHER,0,20260808,692,26.7032,74.9769,26.7056,57.865657
idle,SCHED_OTHER,0,20260808,693,9.4572,30.7343,9.4664,57.967502
idle,SCHED_OTHER,0,20260808,694,32.8256,22.1794,32.8517,58.008082
idle,SCHED_OTHER,0,20260808,695,39.0861,40.9074,39.0899,58.063114
idle,SCHED_OTHER,0,20260808,696,6.9473,24.0786,6.9512,58.143321
idle,SCHED_OTHER,0,20260808,697,35.2359,60.4337,35.2418,58.174385
idle,SCHED_OTHER,0,20260808,698,41.4287,39.3091,41.4316,58.270769
idle,SCHED_OTHER,0,20260808,699,38.6654,67.2396,38.6687,58.352324
idle,SCHED_OTHER,0,20260808,700,36.4841,80.5036,36.4894,58.458249
idle,SCHED_OTHER,0,20260808,701,7.7679,96.1095,7.7718,58.575894
idle,SCHED_OTHER,0,20260808,702,47.6511,26.9265,47.6577,58.679839
idle,SCHED_OTHER,0,20260808,703,28.4194,21.6363,28.4381,58.754610
idle,SCHED_OTHER,0,20260808,704,37.4345,60.6599,37.4536,58.805165
idle,SCHED_OTHER,0,20260808,705,11.1704,96.2802,11.1911,58.903744
idle,SCHED_OTHER,0,20260808,706,44.8011,23.5705,44.8243,59.011218
idle,SCHED_OTHER,0,20260808,707,28.3309,20.5068,28.3340,59.080162
idle,SCHED_OTHER,0,20260808,708,11.5053,56.7261,11.5138,59.129615
idle,SCHED_OTHER,0,20260808,709,34.1102,66.4588,34.1136,59.198251
idle,SCHED_OTHER,0,20260808,710,32.0675,99.6225,32.0987,59.299513
idle,SCHED_OTHER,0,20260808,711,17.5451,20.5690,17.5640,59.431795
idle,SCHED_OTHER,0,20260808,712,28.9740,85.7410,28.9928,59.470476
idle,SCHED_OTHER,0,20260808,713,11.4734,46.7561,11.4917,59.585627
idle,SCHED_OTHER,0,20260808,714,18.0723,14.5541,18.0911,59.644230
idle,SCHED_OTHER,0,20260808,715,31.6913,21.9946,31.6952,59.677433
idle,SCHED_OTHER,0,20260808,716,44.7703,74.0247,44.7890,59.731250
idle,SCHED_OTHER,0,20260808,717,32.0269,25.3690,32.0329,59.850181
idle,SCHED_OTHER,0,20260808,718,19.2378,55.3619,19.2402,59.908335
idle,SCHED_OTHER,0,20260808,719,27.3467,95.3810,27.3497,59.983699
idle,SCHED_OTHER,0,20260808,720,32.7980,87.4736,32.8031,60.107218
idle,SCHED_OTHER,0,20260808,721,16.6804,79.9288,16.6829,60.228202
idle,SCHED_OTHER,0,20260808,722,7.1331,49.5644,7.1514,60.324980
idle,SCHED_OTHER,0,20260808,723,34.3283,81.1969,34.3310,60.382247
idle,SCHED_OTHER,0,20260808,724,25.6968,15.5436,25.7155,60.497777
idle,SCHED_OTHER,0,20260808,725,8.4935,32.1609,8.4956,60.539604
idle,SCHED_OTHER,0,20260808,726,43.8532,74.9036,43.8563,60.580261
idle,SCHED_OTHER,0,20260808,727,6.3231,33.4041,6.3256,60.699264
idle,SCHED_OTHER,0,20260808,728,14.8066,74.9504,14.8089,60.739702
idle,SCHED_OTHER,0,20260808,729,9.5789,34.6096,9.5809,60.829654
idle,SCHED_OTHER,0,20260808,730,10.6999,21.3578,10.7023,60.874349
idle,SCHED_OTHER,0,20260808,731,15.4779,58.4112,15.4963,60.907165
idle,SCHED_OTHER,0,20260808,732,19.0146,35.8388,19.0333,60.981802
idle,SCHED_OTHER,0,20260808,733,23.1861,57.2591,23.2048,61.036923
idle,SCHED_OTHER,0,20260808,734,25.6941,77.2220,25.6973,61.117388
idle,SCHED_OTHER,0,20260808,735,36.5031,73.9088,36.5063,61.220309
idle,SCHED_OTHER,0,20260808,736,35.1805,72.7691,35.1829,61.330924
idle,SCHED_OTHER,0,20260808,737,14.9621,39.2271,14.9654,61.439256
idle,SCHED_OTHER,0,20260808,738,44.2609,23.4437,44.2662,61.493451
idle,SCHED_OTHER,0,20260808,739,32.5148,51.1243,32.5208,61.561831
idle,SCHED_OTHER,0,20260808,740,44.8927,45.8930,44.9124,61.645478
idle,SCHED_OTHER,0,20260808,741,30.1339,83.1441,30.1364,61.736514
idle,SCHED_OTHER,0,20260808,742,46.4923,78.2649,46.5110,61.849804
idle,SCHED_OTHER,0,20260808,743,21.0142,58.2887,21.0174,61.974581
idle,SCHED_OTHER,0,20260808,744,13.2257,23.5330,13.2443,62.054723
idle,SCHED_OTHER,0,20260808,745,8.0313,84.8080,8.0346,62.092085
idle,SCHED_OTHER,0,20260808,746,15.7210,27.2290,15.7260,62.185274
idle,SCHED_OTHER,0,20260808,747,17.9986,79.3522,18.0019,62.228231
idle,SCHED_OTHER,0,20260808,748,29.8961,13.7678,29.8999,62.326411
idle,SCHED_OTHER,0,20260808,749,15.0787,47.6224,15.0973,62.370427
idle,SCHED_OTHER,0,20260808,750,44.4737,68.4397,44.4983,62.433650
idle,SCHED_OTHER,0,20260808,751,10.2986,70.0248,10.3175,62.547304
idle,SCHED_OTHER,0,20260808,752,25.0958,44.5741,25.0990,62.627766
idle,SCHED_OTHER,0,20260808,753,13.1234,49.5200,13.1275,62.697972
idle,SCHED_OTHER,0,20260808,754,47.5543,22.6919,47.5579,62.761221
idle,SCHED_OTHER,0,20260808,755,12.9064,61.5602,12.9091,62.831904
idle,SCHED_OTHER,0,20260808,756,43.0762,28.7469,43.0826,62.906927
idle,SCHED_OTHER,0,20260808,757,24.3135,77.3910,24.3343,62.979131
idle,SCHED_OTHER,0,20260808,758,32.7802,72.7275,32.7832,63.081611
idle,SCHED_OTHER,0,20260808,759,28.5285,45.0474,28.5311,63.187538
idle,SCHED_OTHER,0,20260808,760,44.7248,42.1487,44.7473,63.261181
idle,SCHED_OTHER,0,20260808,761,28.7635,88.5994,28.7663,63.348079
idle,SCHED_OTHER,0,20260808,762,30.6288,69.4473,30.6318,63.465981
idle,SCHED_OTHER,0,20260808,763,45.8770,78.0366,45.8796,63.566750
idle,SCHED_OTHER,0,20260808,764,17.5266,68.5297,17.5454,63.690776
idle,SCHED_OTHER,0,20260808,765,6.1637,43.9793,6.1817,63.777461
idle,SCHED_OTHER,0,20260808,766,44.7649,51.1297,44.7749,63.827755
idle,SCHED_OTHER,0,20260808,767,38.0790,35.0793,38.0832,63.923662
idle,SCHED_OTHER,0,20260808,768,8.4634,72.5545,8.4664,63.996860
idle,SCHED_OTHER,0,20260808,769,23.9189,49.8946,23.9219,64.078474
idle,SCHED_OTHER,0,20260808,770,16.5305,25.8346,16.5347,64.152517
idle,SCHED_OTHER,0,20260808,771,31.2042,70.4610,31.2076,64.195178
idle,SCHED_OTHER,0,20260808,772,25.7337,23.0934,25.7525,64.297533
idle,SCHED_OTHER,0,20260808,773,18.4159,19.2506,18.4349,64.346396
idle,SCHED_OTHER,0,20260808,774,10.5311,33.0588,10.5513,64.384083
idle,SCHED_OTHER,0,20260808,775,24.2527,38.8217,24.2573,64.427761
idle,SCHED_OTHER,0,20260808,776,39.9594,37.6034,39.9627,64.491145
idle,SCHED_OTHER,0,20260808,777,28.8986,20.0336,28.9207,64.569233
idle,SCHED_OTHER,0,20260808,778,9.9510,38.8075,9.9698,64.618272
idle,SCHED_OTHER,0,20260808,779,5.5885,48.7511,5.6065,64.667371
idle,SCHED_OTHER,0,20260808,780,49.5167,86.5183,49.5203,64.722109
idle,SCHED_OTHER,0,20260808,781,12.8025,98.4299,12.8082,64.858787
idle,SCHED_OTHER,0,20260808,782,11.5703,42.9921,11.5754,64.970769
idle,SCHED_OTHER,0,20260808,783,36.7898,25.8296,36.8097,65.025459
idle,SCHED_OTHER,0,20260808,784,25.3096,97.0458,25.3120,65.088388
idle,SCHED_OTHER,0,20260808,785,33.7037,75.1563,33.7115,65.210871
idle,SCHED_OTHER,0,20260808,786,34.9423,25.2817,34.9457,65.319744
idle,SCHED_OTHER,0,20260808,787,31.7594,24.8631,31.7664,65.380826
idle,SCHED_OTHER,0,20260808,788,23.7654,30.1742,23.7846,65.437718
idle,SCHED_OTHER,0,20260808,789,27.0783,89.5696,27.0897,65.491679
idle,SCHED_OTHER,0,20260808,790,20.4245,96.4679,20.4433,65.608924
idle,SCHED_OTHER,0,20260808,791,8.9618,46.6587,8.9643,65.726564
idle,SCHED_OTHER,0,20260808,792,39.2460,78.3084,39.2500,65.782646
idle,SCHED_OTHER,0,20260808,793,10.4130,49.4247,10.4159,65.900982
idle,SCHED_OTHER,0,20260808,794,16.8587,33.8608,16.8784,65.961515
idle,SCHED_OTHER,0,20260808,795,45.5945,84.2497,45.5977,66.012526
idle,SCHED_OTHER,0,20260808,796,22.9765,39.2226,22.9825,66.142375
idle,SCHED_OTHER,0,20260808,797,6.1330,96.8291,6.1513,66.204582
idle,SCHED_OTHER,0,20260808,798,48.7438,68.8456,48.7515,66.307569
idle,SCHED_OTHER,0,20260808,799,23.1980,75.8546,23.2048,66.425466
idle,SCHED_OTHER,0,20260808,800,7.7559,75.3206,7.7599,66.524834
idle,SCHED_OTHER,0,20260808,801,7.1858,62.9670,7.1883,66.608763
idle,SCHED_OTHER,0,20260808,802,5.2412,39.9306,5.2434,66.679090
idle,SCHED_OTHER,0,20260808,803,48.4283,21.1771,48.4311,66.724445
idle,SCHED_OTHER,0,20260808,804,41.5533,11.4175,41.5565,66.794055
idle,SCHED_OTHER,0,20260808,805,11.8476,61.4645,11.8500,66.847746
idle,SCHED_OTHER,0,20260808,806,22.6612,50.7446,22.6654,66.921728
idle,SCHED_OTHER,0,20260808,807,9.3920,47.3018,9.4126,66.995511
idle,SCHED_OTHER,0,20260808,808,24.9115,41.6852,24.9311,67.053047
idle,SCHED_OTHER,0,20260808,809,19.7589,24.3120,19.7777,67.120090
idle,SCHED_OTHER,0,20260808,810,24.9311,85.7389,24.9383,67.164979
idle,SCHED_OTHER,0,20260808,811,40.0467,97.9654,40.0496,67.276092
idle,SCHED_OTHER,0,20260808,812,16.4877,26.1604,16.5063,67.414320
idle,SCHED_OTHER,0,20260808,813,39.4747,67.8984,39.4774,67.456988
idle,SCHED_OTHER,0,20260808,814,29.1270,46.0071,29.1294,67.564602
idle,SCHED_OTHER,0,20260808,815,23.3210,56.1276,23.3232,67.639846
idle,SCHED_OTHER,0,20260808,816,9.5819,81.8309,9.6008,67.719304
idle,SCHED_OTHER,0,20260808,817,24.0873,58.6116,24.1072,67.811112
idle,SCHED_OTHER,0,20260808,818,35.9790,75.2539,35.9824,67.894387
idle,SCHED_OTHER,0,20260808,819,13.3182,89.6120,13.3227,68.005628
idle,SCHED_OTHER,0,20260808,820,40.0429,71.0447,40.0643,68.109137
idle,SCHED_OTHER,0,20260808,821,28.2687,75.6938,28.2719,68.220345
idle,SCHED_OTHER,0,20260808,822,12.1414,98.0336,12.1610,68.324781
idle,SCHED_OTHER,0,20260808,823,8.7658,55.8936,8.7679,68.435138
idle,SCHED_OTHER,0,20260808,824,49.5782,53.3816,49.5979,68.500045
idle,SCHED_OTHER,0,20260808,825,11.7816,91.3973,11.7840,68.603760
idle,SCHED_OTHER,0,20260808,826,23.2112,29.1259,23.2140,68.707715
idle,SCHED_OTHER,0,20260808,827,27.8927,84.7038,27.8959,68.760063
idle,SCHED_OTHER,0,20260808,828,6.5924,99.1057,6.5951,68.873110
idle,SCHED_OTHER,0,20260808,829,43.4897,81.0505,43.5099,68.978877
idle,SCHED_OTHER,0,20260808,830,35.8582,75.9118,35.8778,69.103543
idle,SCHED_OTHER,0,20260808,831,40.7717,51.6217,40.7769,69.215570
idle,SCHED_OTHER,0,20260808,832,46.9360,21.7552,46.9393,69.308471
idle,SCHED_OTHER,0,20260808,833,47.8338,12.1500,47.8526,69.377522
idle,SCHED_OTHER,0,20260808,834,16.9926,54.3505,16.9947,69.437526
idle,SCHED_OTHER,0,20260808,835,37.0832,60.8392,37.1016,69.509639
idle,SCHED_OTHER,0,20260808,836,16.4329,31.3354,16.4518,69.607863
idle,SCHED_OTHER,0,20260808,837,19.4260,76.0776,19.4445,69.656430
idle,SCHED_OTHER,0,20260808,838,49.8243,48.8621,49.8440,69.751981
idle,SCHED_OTHER,0,20260808,839,14.1704,88.7382,14.1912,69.850921
idle,SCHED_OTHER,0,20260808,840,33.1935,22.1160,33.2030,69.954292
idle,SCHED_OTHER,0,20260808,841,18.4424,31.5510,18.4608,70.009619
idle,SCHED_OTHER,0,20260808,842,18.7915,29.5242,18.8101,70.060201
idle,SCHED_OTHER,0,20260808,843,8.9791,20.3486,8.9823,70.109129
idle,SCHED_OTHER,0,20260808,844,18.7832,74.8630,18.8026,70.139224
idle,SCHED_OTHER,0,20260808,845,42.4721,91.9150,42.4756,70.233177
idle,SCHED_OTHER,0,20260808,846,29.1479,43.9346,29.1564,70.367813
idle,SCHED_OTHER,0,20260808,847,46.6910,10.8627,46.7114,70.441084
idle,SCHED_OTHER,0,20260808,848,46.0443,92.7138,46.0485,70.498906
idle,SCHED_OTHER,0,20260808,849,24.1389,10.3919,24.1577,70.638121
idle,SCHED_OTHER,0,20260808,850,35.6814,59.8053,35.6911,70.673394
idle,SCHED_OTHER,0,20260808,851,15.2020,24.1417,15.2206,70.769225
idle,SCHED_OTHER,0,20260808,852,49.0523,90.7197,49.0643,70.808589
idle,SCHED_OTHER,0,20260808,853,47.2149,34.8729,47.2192,70.948815
idle,SCHED_OTHER,0,20260808,854,24.1500,54.5029,24.1685,71.031146
idle,SCHED_OTHER,0,20260808,855,44.2434,25.9366,44.2482,71.110445
idle,SCHED_OTHER,0,20260808,856,31.1755,50.4411,31.1958,71.180806
idle,SCHED_OTHER,0,20260808,857,16.6397,66.1212,16.6580,71.263117
idle,SCHED_OTHER,0,20260808,858,31.1928,27.2278,31.2120,71.345941
idle,SCHED_OTHER,0,20260808,859,17.6149,67.9326,17.6174,71.404388
idle,SCHED_OTHER,0,20260808,860,21.0336,45.2377,21.0421,71.490141
idle,SCHED_OTHER,0,20260808,861,40.4904,23.4388,40.5024,71.556422
idle,SCHED_OTHER,0,20260808,862,35.8208,40.0921,35.8239,71.621041
idle,SCHED_OTHER,0,20260808,863,21.3659,33.9149,21.3686,71.696989
idle,SCHED_OTHER,0,20260808,864,38.0175,56.4290,38.0209,71.752482
idle,SCHED_OTHER,0,20260808,865,32.6163,26.1186,32.6196,71.847659
idle,SCHED_OTHER,0,20260808,866,49.1359,92.2036,49.1571,71.906400
idle,SCHED_OTHER,0,20260808,867,26.7380,26.5840,26.7413,72.047762
idle,SCHED_OTHER,0,20260808,868,38.1986,87.9493,38.2017,72.101617
idle,SCHED_OTHER,0,20260808,869,46.7720,49.3208,46.7925,72.227986
idle,SCHED_OTHER,0,20260808,870,9.6657,75.3237,9.6681,72.324903
idle,SCHED_OTHER,0,20260808,871,23.6897,49.9651,23.6930,72.410720
idle,SCHED_OTHER,0,20260808,872,44.8800,31.3849,44.8836,72.484537
idle,SCHED_OTHER,0,20260808,873,30.0746,17.6983,30.0771,72.561543
idle,SCHED_OTHER,0,20260808,874,12.7735,98.1233,12.7763,72.609739
idle,SCHED_OTHER,0,20260808,875,22.3955,10.1708,22.3992,72.720704
idle,SCHED_OTHER,0,20260808,876,38.1520,73.7968,38.1552,72.753276
idle,SCHED_OTHER,0,20260808,877,45.3651,19.8126,45.3846,72.865579
idle,SCHED_OTHER,0,20260808,878,16.3375,94.1458,16.3561,72.931086
idle,SCHED_OTHER,0,20260808,879,42.1963,60.0840,42.2152,73.041607
idle,SCHED_OTHER,0,20260808,880,23.7347,87.5916,23.7431,73.143925
idle,SCHED_OTHER,0,20260808,881,5.2615,87.5843,5.2641,73.255829
idle,SCHED_OTHER,0,20260808,882,35.5719,83.2787,35.5910,73.349251
idle,SCHED_OTHER,0,20260808,883,19.2680,94.8906,19.2870,73.468980
idle,SCHED_OTHER,0,20260808,884,15.4012,72.8736,15.4063,73.583443
idle,SCHED_OTHER,0,20260808,885,12.6396,24.7039,12.6455,73.671977
idle,SCHED_OTHER,0,20260808,886,36.1142,54.5757,36.1338,73.709745
idle,SCHED_OTHER,0,20260808,887,33.9351,37.4967,33.9388,73.800994
idle,SCHED_OTHER,0,20260808,888,26.2815,78.8045,26.2983,73.873045
idle,SCHED_OTHER,0,20260808,889,30.0246,16.3553,30.0284,73.978490
idle,SCHED_OTHER,0,20260808,890,49.9592,94.8128,49.9635,74.025643
idle,SCHED_OTHER,0,20260808,891,30.4953,16.2254,30.5061,74.170776
idle,SCHED_OTHER,0,20260808,892,41.0379,18.2000,41.0424,74.217509
idle,SCHED_OTHER,0,20260808,893,7.8508,83.4870,7.8539,74.276756
idle,SCHED_OTHER,0,20260808,894,40.3998,54.9210,40.4081,74.368781
idle,SCHED_OTHER,0,20260808,895,47.3292,21.5028,47.3496,74.464315
idle,SCHED_OTHER,0,20260808,896,12.7825,83.6723,12.7912,74.533796
idle,SCHED_OTHER,0,20260808,897,31.6814,52.6145,31.6867,74.630745
idle,SCHED_OTHER,0,20260808,898,16.6907,12.9054,16.7115,74.715556
idle,SCHED_OTHER,0,20260808,899,17.7474,84.5002,17.7506,74.745389
idle,SCHED_OTHER,0,20260808,900,7.7236,91.8683,7.7508,74.848325
idle,SCHED_OTHER,0,20260808,901,38.2009,78.2411,38.2053,74.948244
idle,SCHED_OTHER,0,20260808,902,18.3805,34.0422,18.3830,75.064692
idle,SCHED_OTHER,0,20260808,903,37.7031,73.0823,37.7213,75.117189
idle,SCHED_OTHER,0,20260808,904,23.7393,22.7656,23.7436,75.227994
idle,SCHED_OTHER,0,20260808,905,10.7335,52.3967,10.7522,75.274849
idle,SCHED_OTHER,0,20260808,906,32.6561,15.1103,32.6588,75.338738
idle,SCHED_OTHER,0,20260808,907,26.8220,91.8079,26.8247,75.386517
idle,SCHED_OTHER,0,20260808,908,35.5023,63.9013,35.5080,75.505508
idle,SCHED_OTHER,0,20260808,909,47.7228,78.6123,47.7259,75.605147
idle,SCHED_OTHER,0,20260808,910,10.4898,82.9874,10.5097,75.731984
idle,SCHED_OTHER,0,20260808,911,5.8372,31.0745,5.8407,75.825650
idle,SCHED_OTHER,0,20260808,912,35.2547,62.9505,35.2735,75.862621
idle,SCHED_OTHER,0,20260808,913,47.8729,47.5161,47.8774,75.960973
idle,SCHED_OTHER,0,20260808,914,27.5356,78.6706,27.5545,76.056921
idle,SCHED_OTHER,0,20260808,915,37.1369,58.5727,37.1399,76.163627
idle,SCHED_OTHER,0,20260808,916,9.2958,42.5473,9.3145,76.259892
idle,SCHED_OTHER,0,20260808,917,12.3557,86.2860,12.3746,76.312325
idle,SCHED_OTHER,0,20260808,918,6.3067,69.9054,6.3131,76.410988
idle,SCHED_OTHER,0,20260808,919,40.4499,42.8406,40.4597,76.487441
idle,SCHED_OTHER,0,20260808,920,15.1332,68.8857,15.1408,76.570978
idle,SCHED_OTHER,0,20260808,921,29.1549,90.5155,29.1782,76.655263
idle,SCHED_OTHER,0,20260808,922,31.2312,10.9679,31.2386,76.775616
idle,SCHED_OTHER,0,20260808,923,16.3060,99.5082,16.3082,76.817927
idle,SCHED_OTHER,0,20260808,924,5.3857,48.1824,5.3905,76.934406
idle,SCHED_OTHER,0,20260808,925,35.9359,23.3864,35.9553,76.987980
idle,SCHED_OTHER,0,20260808,926,30.3381,92.5703,30.3533,77.048050
idle,SCHED_OTHER,0,20260808,927,14.1888,19.4711,14.1917,77.171562
idle,SCHED_OTHER,0,20260808,928,44.1745,39.4246,44.1946,77.205875
idle,SCHED_OTHER,0,20260808,929,20.0963,12.7160,20.1170,77.290182
idle,SCHED_OTHER,0,20260808,930,48.0512,56.9383,48.0649,77.323440
idle,SCHED_OTHER,0,20260808,931,45.3406,28.1157,45.3681,77.428626
idle,SCHED_OTHER,0,20260808,932,37.2040,47.0567,37.2227,77.502111
idle,SCHED_OTHER,0,20260808,933,27.1104,45.9565,27.1129,77.586451
idle,SCHED_OTHER,0,20260808,934,21.4346,74.7868,21.4414,77.659676
idle,SCHED_OTHER,0,20260808,935,30.9305,45.1711,30.9492,77.756276
idle,SCHED_OTHER,0,20260808,936,24.6184,22.3951,24.6378,77.832397
idle,SCHED_OTHER,0,20260808,937,35.0638,51.8289,35.0675,77.880195
idle,SCHED_OTHER,0,20260808,938,42.3369,64.4415,42.3438,77.967381
idle,SCHED_OTHER,0,20260808,939,44.0333,35.4618,44.0363,78.074853
idle,SCHED_OTHER,0,20260808,940,41.8419,38.3451,41.8622,78.154979
idle,SCHED_OTHER,0,20260808,941,45.6364,22.7020,45.6551,78.235979
idle,SCHED_OTHER,0,20260808,942,46.4371,59.8008,46.4403,78.304752
idle,SCHED_OTHER,0,20260808,943,46.0053,31.0041,46.0085,78.411330
idle,SCHED_OTHER,0,20260808,944,47.7318,99.2807,47.7361,78.488454
idle,SCHED_OTHER,0,20260808,945,6.4455,98.8659,6.4484,78.635473
idle,SCHED_OTHER,0,20260808,946,12.3322,62.4447,12.3344,78.741090
idle,SCHED_OTHER,0,20260808,947,41.0162,72.0299,41.0188,78.816559
idle,SCHED_OTHER,0,20260808,948,48.5930,45.9706,48.5982,78.929722
idle,SCHED_OTHER,0,20260808,949,41.1073,17.2897,41.1104,79.024432
idle,SCHED_OTHER,0,20260808,950,37.0593,16.7328,37.0679,79.083659
idle,SCHED_OTHER,0,20260808,951,21.1512,91.3717,21.1632,79.137848
idle,SCHED_OTHER,0,20260808,952,43.4049,27.7242,43.4258,79.251187
idle,SCHED_OTHER,0,20260808,953,10.3237,51.0972,10.3268,79.322760
idle,SCHED_OTHER,0,20260808,954,13.9007,44.7256,13.9033,79.384214
idle,SCHED_OTHER,0,20260808,955,16.5653,23.8034,16.5690,79.443253
idle,SCHED_OTHER,0,20260808,956,49.6497,36.8944,49.6528,79.483928
idle,SCHED_OTHER,0,20260808,957,47.7067,23.1077,47.7108,79.570698
idle,SCHED_OTHER,0,20260808,958,39.4842,20.7519,39.5034,79.641528
idle,SCHED_OTHER,0,20260808,959,30.5593,87.5868,30.5668,79.702144
idle,SCHED_OTHER,0,20260808,960,39.9846,23.6711,40.0038,79.820869
idle,SCHED_OTHER,0,20260808,961,34.5796,56.9971,34.5870,79.884978
idle,SCHED_OTHER,0,20260808,962,8.1655,26.5257,8.1844,79.976691
idle,SCHED_OTHER,0,20260808,963,23.2854,66.2278,23.3046,80.011975
idle,SCHED_OTHER,0,20260808,964,11.3029,16.8592,11.3055,80.101509
idle,SCHED_OTHER,0,20260808,965,24.0843,79.4358,24.0885,80.129920
idle,SCHED_OTHER,0,20260808,966,18.3844,31.6542,18.4034,80.234163
idle,SCHED_OTHER,0,20260808,967,25.9786,83.4294,26.0031,80.284680
idle,SCHED_OTHER,0,20260808,968,40.5593,61.6528,40.5648,80.394860
idle,SCHED_OTHER,0,20260808,969,27.0274,91.7642,27.0306,80.497578
idle,SCHED_OTHER,0,20260808,970,45.4972,82.8822,45.5193,80.616793
idle,SCHED_OTHER,0,20260808,971,49.8753,10.6739,49.8797,80.745478
idle,SCHED_OTHER,0,20260808,972,21.1220,58.4101,21.1255,80.806494
idle,SCHED_OTHER,0,20260808,973,39.3382,80.3258,39.3449,80.886756
idle,SCHED_OTHER,0,20260808,974,33.8573,68.5287,33.8776,81.007259
idle,SCHED_OTHER,0,20260808,975,11.3422,10.4943,11.3549,81.110280
idle,SCHED_OTHER,0,20260808,976,34.0284,20.7251,34.0320,81.132762
idle,SCHED_OTHER,0,20260808,977,9.3130,51.2528,9.3317,81.187913
idle,SCHED_OTHER,0,20260808,978,49.0237,43.3938,49.0436,81.248499
idle,SCHED_OTHER,0,20260808,979,14.0104,60.6661,14.0136,81.341688
idle,SCHED_OTHER,0,20260808,980,45.7839,90.7771,45.7891,81.416831
idle,SCHED_OTHER,0,20260808,981,28.0021,84.2506,28.0055,81.553787
idle,SCHED_OTHER,0,20260808,982,31.8220,79.7010,31.8491,81.666045
idle,SCHED_OTHER,0,20260808,983,15.2394,15.9476,15.2420,81.777986
idle,SCHED_OTHER,0,20260808,984,23.9533,15.8223,23.9575,81.809361
idle,SCHED_OTHER,0,20260808,985,14.6330,40.0859,14.6399,81.849442
idle,SCHED_OTHER,0,20260808,986,42.8732,75.2668,42.8799,81.904196
idle,SCHED_OTHER,0,20260808,987,36.6905,50.4798,36.6941,82.022345
idle,SCHED_OTHER,0,20260808,988,23.6758,13.0388,23.6785,82.110161
idle,SCHED_OTHER,0,20260808,989,27.1383,56.5545,27.1575,82.146920
idle,SCHED_OTHER,0,20260808,990,34.7492,35.4926,34.7533,82.231200
idle,SCHED_OTHER,0,20260808,991,21.5923,21.4147,21.5991,82.302065
idle,SCHED_OTHER,0,20260808,992,20.8782,70.8638,20.8851,82.345785
idle,SCHED_OTHER,0,20260808,993,39.7290,46.8573,39.7327,82.437806
idle,SCHED_OTHER,0,20260808,994,30.9344,93.4126,30.9539,82.524658
idle,SCHED_OTHER,0,20260808,995,28.6353,57.4932,28.6376,82.649777
idle,SCHED_OTHER,0,20260808,996,27.1985,13.3970,27.2014,82.736541
idle,SCHED_OTHER,0,20260808,997,19.6886,87.3339,19.7077,82.777853
idle,SCHED_OTHER,0,20260808,998,16.3154,28.9125,16.3193,82.885731
idle,SCHED_OTHER,0,20260808,999,47.9340,14.6568,47.9379,82.931178
