condition,policy,priority,seed,trial,target_width_ms,host_width_ms,measured_width_ms,residual_ms,rise_s,fall_s
idle,SCHED_OTHER,0,20260808,0,34.9819,35.0008,34.9780,-0.0001,4.579132,4.614110
idle,SCHED_OTHER,0,20260808,1,23.2772,23.2988,23.3312,0.0562,4.635247,4.658579
idle,SCHED_OTHER,0,20260808,2,27.5821,27.6011,27.5801,0.0008,4.704695,4.732275
idle,SCHED_OTHER,0,20260808,3,11.6943,11.7178,11.7203,0.0265,4.784406,4.796126
idle,SCHED_OTHER,0,20260808,4,29.2257,29.2462,29.2744,0.0518,4.879292,4.908566
idle,SCHED_OTHER,0,20260808,5,42.5299,42.5378,42.5126,-0.0123,4.978719,5.021232
idle,SCHED_OTHER,0,20260808,6,9.7759,9.7783,9.7622,-0.0135,5.086391,5.096153
idle,SCHED_OTHER,0,20260808,7,10.4781,10.4805,10.4776,-0.0002,5.179325,5.189802
idle,SCHED_OTHER,0,20260808,8,33.2159,33.2232,33.2082,-0.0041,5.252946,5.286154
idle,SCHED_OTHER,0,20260808,9,35.5087,35.5332,35.5138,0.0091,5.344309,5.379823
idle,SCHED_OTHER,0,20260808,10,15.0744,15.0802,15.0728,-0.0006,5.425965,5.441038
idle,SCHED_OTHER,0,20260808,11,30.2606,30.2719,30.2571,-0.0003,5.484322,5.514579
idle,SCHED_OTHER,0,20260808,12,27.2150,27.2343,27.2167,0.0045,5.544738,5.571955
idle,SCHED_OTHER,0,20260808,13,42.0627,42.0710,42.0532,-0.0046,5.669110,5.711163
idle,SCHED_OTHER,0,20260808,14,8.4178,8.4229,8.4073,-0.0105,5.771298,5.779705
idle,SCHED_OTHER,0,20260808,15,24.1067,24.1244,24.1020,-0.0023,5.864928,5.889030
idle,SCHED_OTHER,0,20260808,16,17.5246,17.5432,17.5327,0.0094,5.938167,5.955700
idle,SCHED_OTHER,0,20260808,17,34.3142,34.3176,34.2982,-0.0122,6.041998,6.076297
idle,SCHED_OTHER,0,20260808,18,9.2299,9.2323,9.1971,-0.0326,6.166532,6.175729
idle,SCHED_OTHER,0,20260808,19,47.3320,47.3400,47.3061,-0.0202,6.246919,6.294225
idle,SCHED_OTHER,0,20260808,20,31.1825,31.2036,31.1974,0.0182,6.315361,6.346558
idle,SCHED_OTHER,0,20260808,21,19.3550,19.3741,19.3674,0.0140,6.432763,6.452131
idle,SCHED_OTHER,0,20260808,22,45.5396,45.5599,45.5477,0.0135,6.513286,6.558834
idle,SCHED_OTHER,0,20260808,23,43.8904,43.8988,43.8756,-0.0096,6.594118,6.637994
idle,SCHED_OTHER,0,20260808,24,41.5475,41.5696,41.5561,0.0134,6.671123,6.712679
idle,SCHED_OTHER,0,20260808,25,22.1903,22.2041,22.1809,-0.0073,6.749831,6.772012
idle,SCHED_OTHER,0,20260808,26,44.7056,44.7264,44.6931,-0.0072,6.843197,6.887890
idle,SCHED_OTHER,0,20260808,27,7.7383,7.7408,7.7220,-0.0164,6.915032,6.922754
idle,SCHED_OTHER,0,20260808,28,38.0242,38.0286,37.9999,-0.0200,6.940891,6.978891
idle,SCHED_OTHER,0,20260808,29,46.4686,46.4896,46.4636,0.0006,7.033078,7.079542
idle,SCHED_OTHER,0,20260808,30,26.5362,26.5408,26.5227,-0.0109,7.130698,7.157220
idle,SCHED_OTHER,0,20260808,31,34.8164,34.8403,34.8294,0.0168,7.248400,7.283229
idle,SCHED_OTHER,0,20260808,32,12.0426,12.0620,12.0461,0.0040,7.308368,7.320414
idle,SCHED_OTHER,0,20260808,33,9.3035,9.3062,9.2980,-0.0054,7.382556,7.391854
idle,SCHED_OTHER,0,20260808,34,6.9435,6.9456,6.9247,-0.0190,7.490006,7.496931
idle,SCHED_OTHER,0,20260808,35,14.7314,14.7499,14.7248,-0.0056,7.557061,7.571786
idle,SCHED_OTHER,0,20260808,36,38.1609,38.1821,38.1722,0.0157,7.659942,7.698114
idle,SCHED_OTHER,0,20260808,37,38.1065,38.1114,38.1031,0.0009,7.752233,7.790336
idle,SCHED_OTHER,0,20260808,38,17.4900,17.4938,17.4836,-0.0050,7.866499,7.883982
idle,SCHED_OTHER,0,20260808,39,33.1996,33.2187,33.2208,0.0248,7.972150,8.005371
idle,SCHED_OTHER,0,20260808,40,44.7675,44.7870,44.7707,0.0085,8.101549,8.146320
idle,SCHED_OTHER,0,20260808,41,5.2958,5.2984,5.2921,-0.0041,8.239568,8.244860
idle,SCHED_OTHER,0,20260808,42,43.8063,43.8264,43.8201,0.0189,8.324782,8.368603
idle,SCHED_OTHER,0,20260808,43,35.0996,35.1029,35.0767,-0.0190,8.382750,8.417827
idle,SCHED_OTHER,0,20260808,44,32.1633,32.1712,32.1639,0.0041,8.471954,8.504118
idle,SCHED_OTHER,0,20260808,45,31.1884,31.1922,31.1902,0.0052,8.517313,8.548503
idle,SCHED_OTHER,0,20260808,46,12.3109,12.3137,12.3060,-0.0043,8.644685,8.656991
idle,SCHED_OTHER,0,20260808,47,17.6106,17.6132,17.6076,-0.0016,8.712134,8.729742
idle,SCHED_OTHER,0,20260808,48,24.9888,24.9916,24.9737,-0.0126,8.754874,8.779847
idle,SCHED_OTHER,0,20260808,49,37.7227,37.7255,37.7162,-0.0023,8.845962,8.883678
idle,SCHED_OTHER,0,20260808,50,30.9898,30.9942,30.9732,-0.0133,8.961867,8.992841
idle,SCHED_OTHER,0,20260808,51,18.2227,18.2253,18.2075,-0.0137,9.022099,9.040307
idle,SCHED_OTHER,0,20260808,52,5.9663,5.9688,6.0032,0.0365,9.111480,9.117483
idle,SCHED_OTHER,0,20260808,53,16.8375,16.8400,16.8838,0.0476,9.180594,9.197478
idle,SCHED_OTHER,0,20260808,54,36.2685,36.2873,36.2835,0.0190,9.223614,9.259897
idle,SCHED_OTHER,0,20260808,55,39.4895,39.5081,39.4935,0.0085,9.319018,9.358512
idle,SCHED_OTHER,0,20260808,56,42.2807,42.3026,42.2705,-0.0052,9.429687,9.471957
idle,SCHED_OTHER,0,20260808,57,11.6637,11.6829,11.6768,0.0136,9.543115,9.554792
idle,SCHED_OTHER,0,20260808,58,41.0970,41.1007,41.0866,-0.0056,9.599916,9.641003
idle,SCHED_OTHER,0,20260808,59,28.5414,28.5611,28.5599,0.0215,9.724158,9.752718
idle,SCHED_OTHER,0,20260808,60,28.6993,28.7022,28.7010,0.0046,9.801842,9.830543
idle,SCHED_OTHER,0,20260808,61,14.8805,14.8999,14.8820,0.0025,9.890693,9.905575
idle,SCHED_OTHER,0,20260808,62,18.6354,18.6386,18.6240,-0.0099,9.956710,9.975334
idle,SCHED_OTHER,0,20260808,63,8.6108,8.6303,8.6152,0.0044,10.038526,10.047141
idle,SCHED_OTHER,0,20260808,64,20.3663,20.3772,20.3488,-0.0157,10.138335,10.158683
idle,SCHED_OTHER,0,20260808,65,41.6893,41.6956,41.6727,-0.0117,10.236913,10.278585
idle,SCHED_OTHER,0,20260808,66,27.0262,27.0285,27.0137,-0.0097,10.334724,10.361737
idle,SCHED_OTHER,0,20260808,67,24.5534,24.5564,24.5708,0.0198,10.449009,10.473580
idle,SCHED_OTHER,0,20260808,68,28.5485,28.5514,28.5439,-0.0016,10.555732,10.584276
idle,SCHED_OTHER,0,20260808,69,28.9136,28.9224,28.9046,-0.0060,10.680445,10.709350
idle,SCHED_OTHER,0,20260808,70,18.2922,18.2948,18.2744,-0.0163,10.726546,10.744820
idle,SCHED_OTHER,0,20260808,71,28.0983,28.1185,28.0942,-0.0012,10.804945,10.833040
idle,SCHED_OTHER,0,20260808,72,40.3108,40.3183,40.2970,-0.0091,10.917211,10.957508
idle,SCHED_OTHER,0,20260808,73,20.7599,20.7785,20.7687,0.0106,11.030670,11.051439
idle,SCHED_OTHER,0,20260808,74,22.0312,22.0497,22.0439,0.0147,11.092554,11.114598
idle,SCHED_OTHER,0,20260808,75,47.9015,47.9048,47.9031,0.0074,11.180737,11.228640
idle,SCHED_OTHER,0,20260808,76,34.7463,34.7491,34.7481,0.0057,11.252762,11.287510
idle,SCHED_OTHER,0,20260808,77,17.3642,17.3828,17.3559,-0.0070,11.358749,11.376105
idle,SCHED_OTHER,0,20260808,78,31.4820,31.5025,31.4823,0.0037,11.404246,11.435729
idle,SCHED_OTHER,0,20260808,79,26.9781,26.9820,26.9692,-0.0062,11.533042,11.560011
idle,SCHED_OTHER,0,20260808,80,31.2134,31.2319,31.2312,0.0212,11.649189,11.680421
idle,SCHED_OTHER,0,20260808,81,39.0071,39.0269,39.0237,0.0211,11.750559,11.789583
idle,SCHED_OTHER,0,20260808,82,18.6734,18.6946,18.6831,0.0112,11.868759,11.887442
idle,SCHED_OTHER,0,20260808,83,14.3325,14.3349,14.3354,0.0038,11.952586,11.966922
idle,SCHED_OTHER,0,20260808,84,17.1471,17.1511,17.1496,0.0038,11.998052,12.015202
idle,SCHED_OTHER,0,20260808,85,24.9913,24.9940,24.9094,-0.0795,12.049426,12.074335
idle,SCHED_OTHER,0,20260808,86,24.3493,24.3697,24.3589,0.0119,12.115463,12.139822
idle,SCHED_OTHER,0,20260808,87,27.5070,27.5258,27.5242,0.0200,12.163960,12.191485
idle,SCHED_OTHER,0,20260808,88,46.2917,46.3108,46.3057,0.0196,12.247611,12.293917
idle,SCHED_OTHER,0,20260808,89,20.1499,20.1526,20.1452,-0.0030,12.387086,12.407231
idle,SCHED_OTHER,0,20260808,90,42.4137,42.4334,42.3732,-0.0355,12.438409,12.480782
idle,SCHED_OTHER,0,20260808,91,34.0063,34.0115,33.9994,-0.0031,12.560897,12.594896
idle,SCHED_OTHER,0,20260808,92,36.1894,36.1929,36.2031,0.0178,12.654027,12.690230
idle,SCHED_OTHER,0,20260808,93,39.0799,39.0990,39.0798,0.0044,12.759415,12.798495
idle,SCHED_OTHER,0,20260808,94,44.5899,44.5937,44.5731,-0.0115,12.855659,12.900232
idle,SCHED_OTHER,0,20260808,95,6.9783,6.9972,6.9927,0.0142,12.942405,12.949398
idle,SCHED_OTHER,0,20260808,96,11.9671,11.9697,11.9438,-0.0228,12.987546,12.999490
idle,SCHED_OTHER,0,20260808,97,21.5287,21.5316,21.5226,-0.0042,13.092655,13.114178
idle,SCHED_OTHER,0,20260808,98,40.4189,40.4212,40.3929,-0.0213,13.147323,13.187715
idle,SCHED_OTHER,0,20260808,99,8.5092,8.5116,8.5080,-0.0012,13.221973,13.230481
idle,SCHED_OTHER,0,20260808,100,37.2674,37.2861,37.2882,0.0250,13.249603,13.286891
idle,SCHED_OTHER,0,20260808,101,35.6317,35.6354,35.6242,-0.0035,13.355034,13.390658
idle,SCHED_OTHER,0,20260808,102,26.6368,26.6562,26.6249,-0.0092,13.482857,13.509482
idle,SCHED_OTHER,0,20260808,103,13.3308,13.3333,13.3286,-0.0015,13.576622,13.589950
idle,SCHED_OTHER,0,20260808,104,13.0788,13.0821,13.0671,-0.0110,13.641083,13.654150
idle,SCHED_OTHER,0,20260808,105,49.1020,49.1218,49.0350,-0.0611,13.739392,13.788427
idle,SCHED_OTHER,0,20260808,106,5.7318,5.7368,5.7286,-0.0036,13.826546,13.832275
idle,SCHED_OTHER,0,20260808,107,20.3284,20.3308,20.3087,-0.0180,13.926466,13.946774
idle,SCHED_OTHER,0,20260808,108,20.6942,20.6967,20.6809,-0.0115,14.046935,14.067616
idle,SCHED_OTHER,0,20260808,109,36.9428,36.9453,36.9115,-0.0271,14.102761,14.139672
idle,SCHED_OTHER,0,20260808,110,41.6102,41.6167,41.6042,-0.0012,14.208826,14.250431
idle,SCHED_OTHER,0,20260808,111,40.2388,40.2565,40.2507,0.0165,14.286567,14.326817
idle,SCHED_OTHER,0,20260808,112,20.9680,20.9874,20.9834,0.0172,14.347983,14.368966
idle,SCHED_OTHER,0,20260808,113,34.5855,34.5879,34.5716,-0.0101,14.383094,14.417666
idle,SCHED_OTHER,0,20260808,114,33.6797,33.6833,33.6891,0.0131,14.450778,14.484468
idle,SCHED_OTHER,0,20260808,115,5.7779,5.7804,5.7517,-0.0265,14.521639,14.527390
idle,SCHED_OTHER,0,20260808,116,31.2096,31.2290,31.2166,0.0103,14.597546,14.628763
idle,SCHED_OTHER,0,20260808,117,43.1157,43.1192,43.1086,-0.0020,14.639855,14.682964
idle,SCHED_OTHER,0,20260808,118,15.2622,15.2892,15.2681,0.0069,14.781251,14.796519
idle,SCHED_OTHER,0,20260808,119,34.3469,34.3514,34.3279,-0.0152,14.850673,14.885001
idle,SCHED_OTHER,0,20260808,120,20.6264,20.6287,20.6061,-0.0185,14.967177,14.987783
idle,SCHED_OTHER,0,20260808,121,37.2971,37.3045,37.2939,0.0011,15.059899,15.097193
idle,SCHED_OTHER,0,20260808,122,29.4873,29.5038,29.4596,-0.0246,15.148363,15.177822
idle,SCHED_OTHER,0,20260808,123,15.4408,15.4592,15.4516,0.0118,15.218907,15.234359
idle,SCHED_OTHER,0,20260808,124,38.9886,39.0129,38.9964,0.0123,15.247584,15.286580
idle,SCHED_OTHER,0,20260808,125,18.3119,18.3313,18.3329,0.0225,15.314693,15.333026
idle,SCHED_OTHER,0,20260808,126,28.3108,28.3296,28.3234,0.0155,15.423187,15.451510
idle,SCHED_OTHER,0,20260808,127,36.9680,36.9714,36.9414,-0.0224,15.522707,15.559649
idle,SCHED_OTHER,0,20260808,128,15.4474,15.4663,15.4427,-0.0037,15.574793,15.590236
idle,SCHED_OTHER,0,20260808,129,28.6360,28.6396,28.6198,-0.0133,15.606387,15.635006
idle,SCHED_OTHER,0,20260808,130,29.0540,29.0739,29.0611,0.0101,15.669126,15.698187
idle,SCHED_OTHER,0,20260808,131,7.0346,7.0366,7.0319,-0.0029,15.772389,15.779421
idle,SCHED_OTHER,0,20260808,132,27.9469,27.9602,27.9477,0.0037,15.828559,15.856507
idle,SCHED_OTHER,0,20260808,133,41.6711,41.6870,41.7001,0.0339,15.879641,15.921342
idle,SCHED_OTHER,0,20260808,134,10.4320,10.4383,10.4128,-0.0189,15.941468,15.951881
idle,SCHED_OTHER,0,20260808,135,20.4351,20.4604,20.4267,-0.0066,16.005032,16.025459
idle,SCHED_OTHER,0,20260808,136,10.5637,10.5659,10.5400,-0.0234,16.117654,16.128194
idle,SCHED_OTHER,0,20260808,137,42.1920,42.1966,42.1799,-0.0072,16.219470,16.261650
idle,SCHED_OTHER,0,20260808,138,36.5418,36.5443,36.5259,-0.0118,16.317838,16.354364
idle,SCHED_OTHER,0,20260808,139,30.9943,30.9979,30.9930,0.0020,16.437515,16.468508
idle,SCHED_OTHER,0,20260808,140,34.9074,34.9124,34.8905,-0.0130,16.560689,16.595580
idle,SCHED_OTHER,0,20260808,141,7.0952,7.0975,7.0910,-0.0044,16.613706,16.620797
idle,SCHED_OTHER,0,20260808,142,11.1432,11.1456,11.1299,-0.0129,16.653065,16.664195
idle,SCHED_OTHER,0,20260808,143,47.7835,47.8034,47.7953,0.0175,16.751366,16.799161
idle,SCHED_OTHER,0,20260808,144,36.7244,36.7274,36.7061,-0.0142,16.872373,16.909079
idle,SCHED_OTHER,0,20260808,145,11.2505,11.2699,11.2427,-0.0074,16.936230,16.947473
idle,SCHED_OTHER,0,20260808,146,45.8574,45.8651,45.8415,-0.0104,16.968608,17.014450
idle,SCHED_OTHER,0,20260808,147,9.7808,10.1417,10.1282,0.3477,17.090897,17.101025
idle,SCHED_OTHER,0,20260808,148,48.6017,48.6061,48.5001,-0.0957,17.187323,17.235823
idle,SCHED_OTHER,0,20260808,149,34.6355,34.6412,34.6395,0.0078,17.258951,17.293590
idle,SCHED_OTHER,0,20260808,150,11.3230,11.3418,11.3159,-0.0067,17.309721,17.321037
idle,SCHED_OTHER,0,20260808,151,8.3851,8.3872,8.3392,-0.0458,17.361310,17.369649
idle,SCHED_OTHER,0,20260808,152,34.1705,34.1750,34.1665,-0.0003,17.457811,17.491978
idle,SCHED_OTHER,0,20260808,153,17.2162,17.2362,17.2225,0.0076,17.512096,17.529319
idle,SCHED_OTHER,0,20260808,154,28.8474,28.8509,28.8531,0.0086,17.542457,17.571310
idle,SCHED_OTHER,0,20260808,155,7.0995,7.1182,7.1182,0.0185,17.631421,17.638540
idle,SCHED_OTHER,0,20260808,156,34.9617,34.9701,34.9610,0.0031,17.701688,17.736649
idle,SCHED_OTHER,0,20260808,157,23.6608,23.6644,23.6551,-0.0034,17.831810,17.855465
idle,SCHED_OTHER,0,20260808,158,39.5024,39.5124,39.5013,0.0035,17.874578,17.914080
idle,SCHED_OTHER,0,20260808,159,33.9218,33.9262,33.8909,-0.0271,17.989310,18.023201
idle,SCHED_OTHER,0,20260808,160,19.2344,19.2534,19.2459,0.0131,18.109469,18.128714
idle,SCHED_OTHER,0,20260808,161,27.5163,27.5190,27.5279,0.0144,18.197839,18.225367
idle,SCHED_OTHER,0,20260808,162,20.9369,20.9621,20.9495,0.0144,18.250474,18.271423
idle,SCHED_OTHER,0,20260808,163,46.5081,46.5278,46.5086,0.0061,18.290577,18.337086
idle,SCHED_OTHER,0,20260808,164,49.1266,49.1456,49.1235,0.0029,18.379215,18.428338
idle,SCHED_OTHER,0,20260808,165,12.2269,12.2452,12.2476,0.0213,18.449449,18.461697
idle,SCHED_OTHER,0,20260808,166,19.8533,19.8576,19.8361,-0.0155,18.475805,18.495641
idle,SCHED_OTHER,0,20260808,167,43.2302,43.2425,43.2229,-0.0022,18.585802,18.629025
idle,SCHED_OTHER,0,20260808,168,38.9080,38.9168,38.8880,-0.0155,18.651183,18.690071
idle,SCHED_OTHER,0,20260808,169,26.3595,26.3628,26.3202,-0.0366,18.781287,18.807608
idle,SCHED_OTHER,0,20260808,170,48.9870,48.9941,48.9841,0.0030,18.843760,18.892744
idle,SCHED_OTHER,0,20260808,171,16.2572,16.2601,16.2557,-0.0003,18.945839,18.962094
idle,SCHED_OTHER,0,20260808,172,9.9634,9.9751,9.9117,-0.0515,18.986272,18.996184
idle,SCHED_OTHER,0,20260808,173,37.6243,37.6291,37.6247,0.0047,19.053316,19.090941
idle,SCHED_OTHER,0,20260808,174,7.5579,7.5636,7.5494,-0.0086,19.139066,19.146615
idle,SCHED_OTHER,0,20260808,175,12.0800,12.0832,12.0834,0.0040,19.162738,19.174821
idle,SCHED_OTHER,0,20260808,176,49.1478,49.1506,49.1472,0.0054,19.237974,19.287121
idle,SCHED_OTHER,0,20260808,177,29.1773,29.1964,29.1708,-0.0034,19.361280,19.390451
idle,SCHED_OTHER,0,20260808,178,42.9910,43.0101,42.9949,0.0090,19.462626,19.505621
idle,SCHED_OTHER,0,20260808,179,43.9809,43.9998,43.9761,0.0004,19.540754,19.584730
idle,SCHED_OTHER,0,20260808,180,27.8839,27.8875,27.8789,-0.0021,19.678905,19.706784
idle,SCHED_OTHER,0,20260808,181,15.4914,15.4944,15.4756,-0.0147,19.720921,19.736397
idle,SCHED_OTHER,0,20260808,182,13.7549,13.7611,13.7412,-0.0129,19.827572,19.841314
idle,SCHED_OTHER,0,20260808,183,8.5707,8.5726,8.5617,-0.0090,19.917466,19.926028
idle,SCHED_OTHER,0,20260808,184,8.1267,8.1297,8.0901,-0.0367,20.014258,20.022348
idle,SCHED_OTHER,0,20260808,185,11.3669,11.3698,11.3538,-0.0126,20.066485,20.077839
idle,SCHED_OTHER,0,20260808,186,32.0744,32.0779,32.0513,-0.0196,20.132989,20.165040
idle,SCHED_OTHER,0,20260808,187,25.0029,25.0225,25.0615,0.0610,20.196186,20.221248
idle,SCHED_OTHER,0,20260808,188,41.7654,41.7839,41.7734,0.0129,20.239313,20.281086
idle,SCHED_OTHER,0,20260808,189,32.7576,32.7607,32.7459,-0.0081,20.370287,20.403033
idle,SCHED_OTHER,0,20260808,190,46.5135,46.5333,46.5320,0.0241,20.450155,20.496687
idle,SCHED_OTHER,0,20260808,191,15.3066,15.3107,15.3098,0.0042,20.521794,20.537104
idle,SCHED_OTHER,0,20260808,192,33.6571,33.6764,33.6479,-0.0055,20.592247,20.625895
idle,SCHED_OTHER,0,20260808,193,6.5452,6.5478,6.5485,0.0031,20.648012,20.654561
idle,SCHED_OTHER,0,20260808,194,35.9349,35.9387,35.9350,0.0042,20.670679,20.706614
idle,SCHED_OTHER,0,20260808,195,12.1513,12.1703,12.1608,0.0101,20.718729,20.730889
idle,SCHED_OTHER,0,20260808,196,37.7828,37.8016,37.7932,0.0147,20.811049,20.848842
idle,SCHED_OTHER,0,20260808,197,15.3057,15.3091,15.2867,-0.0180,20.945041,20.960328
idle,SCHED_OTHER,0,20260808,198,7.8705,7.8897,7.8615,-0.0090,21.001490,21.009351
idle,SCHED_OTHER,0,20260808,199,28.9200,28.9468,28.9303,0.0133,21.071491,21.100421
idle,SCHED_OTHER,0,20260808,200,22.3716,22.3901,22.3857,0.0162,21.121552,21.143938
idle,SCHED_OTHER,0,20260808,201,10.8356,10.8459,10.8306,-0.0046,21.180077,21.190908
idle,SCHED_OTHER,0,20260808,202,27.0310,27.0336,27.0301,0.0019,21.268056,21.295086
idle,SCHED_OTHER,0,20260808,203,11.6840,11.7025,11.6734,-0.0101,21.350245,21.361918
idle,SCHED_OTHER,0,20260808,204,11.3756,11.3784,11.3588,-0.0164,21.426066,21.437425
idle,SCHED_OTHER,0,20260808,205,5.5524,5.5788,5.5718,0.0190,21.478535,21.484107
idle,SCHED_OTHER,0,20260808,206,38.5834,38.5866,38.5825,0.0036,21.561267,21.599849
idle,SCHED_OTHER,0,20260808,207,18.7568,18.7752,18.7525,-0.0028,21.613982,21.632735
idle,SCHED_OTHER,0,20260808,208,20.8020,20.8357,20.8172,0.0170,21.726915,21.747733
idle,SCHED_OTHER,0,20260808,209,31.4929,31.5148,31.5114,0.0218,21.793862,21.825374
idle,SCHED_OTHER,0,20260808,210,6.1524,6.1554,6.1370,-0.0157,21.910660,21.916797
idle,SCHED_OTHER,0,20260808,211,34.3462,34.3680,34.3484,0.0060,21.959933,21.994282
idle,SCHED_OTHER,0,20260808,212,34.3418,34.3612,34.3614,0.0234,22.013537,22.047898
idle,SCHED_OTHER,0,20260808,213,24.2291,24.2329,24.2299,0.0031,22.133052,22.157282
idle,SCHED_OTHER,0,20260808,214,42.5961,42.6003,42.5889,-0.0022,22.237450,22.280039
idle,SCHED_OTHER,0,20260808,215,44.1214,44.1404,44.1304,0.0142,22.347222,22.391353
idle,SCHED_OTHER,0,20260808,216,28.9776,28.9991,28.9759,0.0013,22.404478,22.433454
idle,SCHED_OTHER,0,20260808,217,15.4681,15.4870,15.4654,-0.0016,22.527640,22.543105
idle,SCHED_OTHER,0,20260808,218,41.9709,41.9743,41.9933,0.0273,22.595217,22.637210
idle,SCHED_OTHER,0,20260808,219,13.6316,13.6352,13.6366,0.0058,22.710338,22.723974
idle,SCHED_OTHER,0,20260808,220,19.8101,19.8129,19.8105,0.0021,22.738104,22.757915
idle,SCHED_OTHER,0,20260808,221,31.4753,31.4941,31.4861,0.0142,22.808062,22.839548
idle,SCHED_OTHER,0,20260808,222,19.3570,19.3603,19.3644,0.0090,22.936697,22.956061
idle,SCHED_OTHER,0,20260808,223,40.6633,40.6820,40.6536,-0.0050,23.045245,23.085899
idle,SCHED_OTHER,0,20260808,224,17.5439,17.5623,17.5564,0.0139,23.111014,23.128570
idle,SCHED_OTHER,0,20260808,225,23.4802,23.4835,23.4764,-0.0016,23.216790,23.240266
idle,SCHED_OTHER,0,20260808,226,12.4881,12.5068,12.5001,0.0126,23.317422,23.329922
idle,SCHED_OTHER,0,20260808,227,49.8066,49.8299,49.8272,0.0266,23.378056,23.427884
idle,SCHED_OTHER,0,20260808,228,17.0052,17.0148,16.9958,-0.0081,23.456038,23.473034
idle,SCHED_OTHER,0,20260808,229,47.5055,47.5098,47.4907,-0.0091,23.559230,23.606721
idle,SCHED_OTHER,0,20260808,230,37.1766,37.1801,37.1642,-0.0081,23.687907,23.725071
idle,SCHED_OTHER,0,20260808,231,27.6806,27.7028,27.6887,0.0109,23.824286,23.851974
idle,SCHED_OTHER,0,20260808,232,44.6110,44.6319,44.5635,-0.0422,23.911182,23.955746
idle,SCHED_OTHER,0,20260808,233,8.8614,8.8818,8.8820,0.0206,24.025878,24.034760
idle,SCHED_OTHER,0,20260808,234,11.3722,11.3750,11.3473,-0.0245,24.122990,24.134338
idle,SCHED_OTHER,0,20260808,235,43.8447,43.8505,43.8323,-0.0072,24.225534,24.269366
idle,SCHED_OTHER,0,20260808,236,34.4729,34.4929,34.4978,0.0287,24.294484,24.328982
idle,SCHED_OTHER,0,20260808,237,46.3907,46.3952,46.3165,-0.0686,24.368173,24.414490
idle,SCHED_OTHER,0,20260808,238,44.3531,44.3762,44.3768,0.0289,24.494653,24.539029
idle,SCHED_OTHER,0,20260808,239,26.6864,26.6913,26.6888,0.0051,24.630201,24.656890
idle,SCHED_OTHER,0,20260808,240,49.4227,49.4257,49.4071,-0.0096,24.688023,24.737430
idle,SCHED_OTHER,0,20260808,241,5.6745,5.6936,5.6860,0.0111,24.774561,24.780247
idle,SCHED_OTHER,0,20260808,242,34.3058,34.3284,34.3255,0.0235,24.810365,24.844691
idle,SCHED_OTHER,0,20260808,243,30.6999,30.7058,30.6954,-0.0013,24.934874,24.965570
idle,SCHED_OTHER,0,20260808,244,33.5417,33.5443,33.5462,0.0082,24.978665,25.012211
idle,SCHED_OTHER,0,20260808,245,19.4215,19.4249,19.4245,0.0046,25.090357,25.109782
idle,SCHED_OTHER,0,20260808,246,22.2334,22.2401,22.2321,0.0007,25.154918,25.177150
idle,SCHED_OTHER,0,20260808,247,10.8170,10.8191,10.8755,0.0589,25.259282,25.270158
idle,SCHED_OTHER,0,20260808,248,44.3468,44.3659,44.3512,0.0097,25.313374,25.357725
idle,SCHED_OTHER,0,20260808,249,23.4287,23.4310,23.4237,-0.0028,25.376859,25.400282
idle,SCHED_OTHER,0,20260808,250,34.0545,34.0572,34.0508,0.0000,25.413414,25.447465
idle,SCHED_OTHER,0,20260808,251,44.5794,44.5839,44.5578,-0.0163,25.474604,25.519162
idle,SCHED_OTHER,0,20260808,252,15.4305,15.4492,15.4300,0.0005,25.571338,25.586768
idle,SCHED_OTHER,0,20260808,253,36.7541,36.7805,36.7737,0.0237,25.648892,25.685666
idle,SCHED_OTHER,0,20260808,254,14.2166,14.2357,14.2319,0.0161,25.721798,25.736030
idle,SCHED_OTHER,0,20260808,255,14.3015,14.3205,14.3128,0.0122,25.803192,25.817504
idle,SCHED_OTHER,0,20260808,256,24.0606,24.0795,24.0517,-0.0066,25.886681,25.910733
idle,SCHED_OTHER,0,20260808,257,19.3217,19.3412,19.3309,0.0108,25.978939,25.998270
idle,SCHED_OTHER,0,20260808,258,13.7120,13.7163,13.5442,-0.1671,26.054599,26.068143
idle,SCHED_OTHER,0,20260808,259,27.2331,27.2550,27.2440,0.0136,26.140294,26.167538
idle,SCHED_OTHER,0,20260808,260,9.8346,9.8399,9.8399,0.0056,26.198640,26.208480
idle,SCHED_OTHER,0,20260808,261,44.0411,44.0631,44.0629,0.0270,26.247590,26.291653
idle,SCHED_OTHER,0,20260808,262,24.0952,24.1158,24.1160,0.0231,26.339781,26.363897
idle,SCHED_OTHER,0,20260808,263,6.9367,6.9395,6.8835,-0.0534,26.445131,26.452014
idle,SCHED_OTHER,0,20260808,264,25.7511,25.7545,25.7510,0.0024,26.524181,26.549932
idle,SCHED_OTHER,0,20260808,265,37.0292,37.0523,37.0355,0.0105,26.632129,26.669165
idle,SCHED_OTHER,0,20260808,266,28.9458,28.9493,28.9418,-0.0010,26.759369,26.788311
idle,SCHED_OTHER,0,20260808,267,5.2310,5.2495,5.2400,0.0085,26.887488,26.892728
idle,SCHED_OTHER,0,20260808,268,20.2530,20.2736,20.2601,0.0088,26.939869,26.960129
idle,SCHED_OTHER,0,20260808,269,20.3448,20.3730,20.3593,0.0163,27.047314,27.067674
idle,SCHED_OTHER,0,20260808,270,20.9908,20.9951,20.9762,-0.0127,27.101886,27.122862
idle,SCHED_OTHER,0,20260808,271,21.6886,21.7084,21.7066,0.0200,27.205027,27.226734
idle,SCHED_OTHER,0,20260808,272,29.5695,29.5899,29.5684,0.0020,27.239881,27.269449
idle,SCHED_OTHER,0,20260808,273,12.2748,12.2813,12.2683,-0.0059,27.315594,27.327862
idle,SCHED_OTHER,0,20260808,274,13.7704,13.7732,13.7515,-0.0181,27.379010,27.392762
idle,SCHED_OTHER,0,20260808,275,6.2569,6.2767,6.2747,0.0175,27.491960,27.498234
idle,SCHED_OTHER,0,20260808,276,28.5079,28.5171,28.5031,-0.0018,27.583511,27.612014
idle,SCHED_OTHER,0,20260808,277,34.1157,34.1216,34.1080,-0.0039,27.703212,27.737320
idle,SCHED_OTHER,0,20260808,278,32.1403,32.1465,32.1252,-0.0116,27.793501,27.825626
idle,SCHED_OTHER,0,20260808,279,48.7768,48.7850,48.7561,-0.0148,27.866802,27.915558
idle,SCHED_OTHER,0,20260808,280,47.6123,47.6324,47.6227,0.0162,27.977706,28.025329
idle,SCHED_OTHER,0,20260808,281,34.2455,34.2504,34.2472,0.0055,28.110497,28.144744
idle,SCHED_OTHER,0,20260808,282,27.3396,27.3591,27.3612,0.0243,28.216881,28.244242
idle,SCHED_OTHER,0,20260808,283,21.6955,21.6988,21.6768,-0.0167,28.334418,28.356095
idle,SCHED_OTHER,0,20260808,284,44.3608,44.3668,44.3573,0.0018,28.422228,28.466585
idle,SCHED_OTHER,0,20260808,285,49.7658,49.7803,49.7659,0.0061,28.504709,28.554475
idle,SCHED_OTHER,0,20260808,286,5.4147,5.4207,5.4759,0.0608,28.608609,28.614085
idle,SCHED_OTHER,0,20260808,287,29.3466,29.3497,29.3486,0.0051,28.650133,28.679482
idle,SCHED_OTHER,0,20260808,288,47.5178,47.5230,47.5071,-0.0050,28.745626,28.793133
idle,SCHED_OTHER,0,20260808,289,15.2329,15.2535,15.2469,0.0150,28.844271,28.859517
idle,SCHED_OTHER,0,20260808,290,16.5371,16.5619,16.5446,0.0087,28.883602,28.900146
idle,SCHED_OTHER,0,20260808,291,38.9971,39.0036,38.9703,-0.0223,28.994355,29.033325
idle,SCHED_OTHER,0,20260808,292,37.1391,37.1428,37.1191,-0.0158,29.110494,29.147613
idle,SCHED_OTHER,0,20260808,293,8.8581,8.8764,8.8524,-0.0056,29.213918,29.222770
idle,SCHED_OTHER,0,20260808,294,18.6330,18.6401,18.6153,-0.0162,29.244910,29.263525
idle,SCHED_OTHER,0,20260808,295,34.5505,34.5536,34.5411,-0.0056,29.296650,29.331191
idle,SCHED_OTHER,0,20260808,296,11.1778,11.1965,11.1788,0.0014,29.394467,29.405646
idle,SCHED_OTHER,0,20260808,297,9.1991,9.2013,9.1998,0.0009,29.450758,29.459958
idle,SCHED_OTHER,0,20260808,298,24.4297,24.4332,24.4322,0.0048,29.481078,29.505510
idle,SCHED_OTHER,0,20260808,299,16.4172,16.4199,16.4699,0.0539,29.539596,29.556066
idle,SCHED_OTHER,0,20260808,300,27.0566,27.0596,27.0500,-0.0039,29.617137,29.644187
idle,SCHED_OTHER,0,20260808,301,29.1301,29.1516,29.1508,0.0237,29.704327,29.733477
idle,SCHED_OTHER,0,20260808,302,22.2519,22.2710,22.2532,0.0033,29.779597,29.801850
idle,SCHED_OTHER,0,20260808,303,37.0156,37.0190,37.0150,0.0036,29.856974,29.893989
idle,SCHED_OTHER,0,20260808,304,32.2322,32.2508,32.2388,0.0101,29.962135,29.994373
idle,SCHED_OTHER,0,20260808,305,48.3626,48.3816,48.3730,0.0162,30.063524,30.111897
idle,SCHED_OTHER,0,20260808,306,21.7123,21.7335,21.6956,-0.0147,30.169054,30.190750
idle,SCHED_OTHER,0,20260808,307,43.1093,43.1123,43.1048,0.0005,30.200870,30.243975
idle,SCHED_OTHER,0,20260808,308,47.5982,47.6035,47.5704,-0.0221,30.339175,30.386746
idle,SCHED_OTHER,0,20260808,309,10.4163,10.4347,10.4106,-0.0054,30.480934,30.491344
idle,SCHED_OTHER,0,20260808,310,14.6147,14.6330,14.6271,0.0133,30.586595,30.601222
idle,SCHED_OTHER,0,20260808,311,15.6988,15.7190,15.7086,0.0109,30.700439,30.716147
idle,SCHED_OTHER,0,20260808,312,35.3010,35.3057,35.2935,-0.0035,30.778299,30.813592
idle,SCHED_OTHER,0,20260808,313,30.8379,30.8436,30.8080,-0.0266,30.884259,30.915067
idle,SCHED_OTHER,0,20260808,314,9.4514,9.4543,9.4250,-0.0262,30.990301,30.999726
idle,SCHED_OTHER,0,20260808,315,46.4635,46.4741,46.4747,0.0167,31.096939,31.143414
idle,SCHED_OTHER,0,20260808,316,46.7355,46.7401,46.7331,0.0032,31.163562,31.210295
idle,SCHED_OTHER,0,20260808,317,8.5439,8.5526,8.6141,0.0703,31.226423,31.235037
idle,SCHED_OTHER,0,20260808,318,16.4721,16.4746,16.4498,-0.0211,31.330166,31.346616
idle,SCHED_OTHER,0,20260808,319,9.7089,9.7277,9.7257,0.0170,31.378742,31.388468
idle,SCHED_OTHER,0,20260808,320,47.9750,47.9864,47.9604,-0.0088,31.427580,31.475540
idle,SCHED_OTHER,0,20260808,321,33.1320,33.1370,33.1116,-0.0168,31.521689,31.554801
idle,SCHED_OTHER,0,20260808,322,23.7932,23.7972,23.7989,0.0079,31.599934,31.623733
idle,SCHED_OTHER,0,20260808,323,30.9028,30.9072,30.8976,-0.0019,31.690898,31.721795
idle,SCHED_OTHER,0,20260808,324,35.6165,35.6217,35.6125,-0.0000,31.771918,31.807530
idle,SCHED_OTHER,0,20260808,325,47.3403,47.3431,47.3380,0.0034,31.830683,31.878021
idle,SCHED_OTHER,0,20260808,326,8.7902,8.7945,8.7921,0.0020,31.917117,31.925909
idle,SCHED_OTHER,0,20260808,327,42.3206,42.3250,42.3089,-0.0068,31.985057,32.027366
idle,SCHED_OTHER,0,20260808,328,35.2227,35.2424,35.2217,0.0029,32.050526,32.085748
idle,SCHED_OTHER,0,20260808,329,36.7917,36.8130,36.7988,0.0113,32.143939,32.180738
idle,SCHED_OTHER,0,20260808,330,16.0724,16.0776,16.0773,0.0061,32.214858,32.230936
idle,SCHED_OTHER,0,20260808,331,30.9862,31.0049,30.9819,-0.0010,32.306105,32.337087
idle,SCHED_OTHER,0,20260808,332,26.9171,26.9363,26.9312,0.0168,32.411239,32.438170
idle,SCHED_OTHER,0,20260808,333,18.7964,18.8163,18.8153,0.0205,32.498310,32.517126
idle,SCHED_OTHER,0,20260808,334,37.2780,37.2876,37.2826,0.0088,32.550240,32.587522
idle,SCHED_OTHER,0,20260808,335,14.9679,14.9844,14.9595,-0.0075,32.631668,32.646627
idle,SCHED_OTHER,0,20260808,336,29.9668,29.9695,29.9766,0.0130,32.674744,32.704721
idle,SCHED_OTHER,0,20260808,337,30.2302,30.2509,30.2448,0.0178,32.750830,32.781075
idle,SCHED_OTHER,0,20260808,338,22.9954,23.0142,23.0084,0.0151,32.839216,32.862224
idle,SCHED_OTHER,0,20260808,339,12.2212,12.2399,12.2195,-0.0012,32.895358,32.907577
idle,SCHED_OTHER,0,20260808,340,33.5815,33.5861,33.5564,-0.0214,32.918721,32.952278
idle,SCHED_OTHER,0,20260808,341,38.9736,38.9952,38.9956,0.0264,33.037438,33.076433
idle,SCHED_OTHER,0,20260808,342,7.5344,7.5539,7.5357,0.0011,33.126538,33.134074
idle,SCHED_OTHER,0,20260808,343,9.3006,9.3028,9.2638,-0.0366,33.227281,33.236545
idle,SCHED_OTHER,0,20260808,344,36.9429,36.9459,36.9443,0.0055,33.324737,33.361681
idle,SCHED_OTHER,0,20260808,345,26.7037,26.7237,26.7028,0.0018,33.449892,33.476595
idle,SCHED_OTHER,0,20260808,346,42.4142,42.4350,42.4124,0.0032,33.522878,33.565290
idle,SCHED_OTHER,0,20260808,347,48.1265,48.1327,48.1286,0.0079,33.583457,33.631586
idle,SCHED_OTHER,0,20260808,348,24.8628,24.8716,24.8608,0.0004,33.682719,33.707579
idle,SCHED_OTHER,0,20260808,349,45.5866,45.5907,45.5805,-0.0007,33.733730,33.779311
idle,SCHED_OTHER,0,20260808,350,29.9916,30.0120,30.0087,0.0203,33.813421,33.843430
idle,SCHED_OTHER,0,20260808,351,9.3297,9.3412,9.3221,-0.0074,33.877536,33.886858
idle,SCHED_OTHER,0,20260808,352,29.5491,29.5578,29.5422,-0.0038,33.918998,33.948540
idle,SCHED_OTHER,0,20260808,353,35.4103,35.4159,35.4183,0.0119,34.011692,34.047111
idle,SCHED_OTHER,0,20260808,354,38.3630,38.3734,38.3520,-0.0066,34.131280,34.169632
idle,SCHED_OTHER,0,20260808,355,42.8730,42.8757,42.8522,-0.0157,34.222797,34.265649
idle,SCHED_OTHER,0,20260808,356,15.7316,15.7348,15.7123,-0.0182,34.295786,34.311498
idle,SCHED_OTHER,0,20260808,357,34.1254,34.1311,34.1282,0.0065,34.324621,34.358749
idle,SCHED_OTHER,0,20260808,358,16.5935,16.5970,16.5495,-0.0428,34.436974,34.453523
idle,SCHED_OTHER,0,20260808,359,43.2258,43.2368,43.2153,-0.0054,34.539847,34.583062
idle,SCHED_OTHER,0,20260808,360,42.3931,42.3976,42.3743,-0.0138,34.627242,34.669617
idle,SCHED_OTHER,0,20260808,361,43.2605,43.2726,43.2721,0.0167,34.681733,34.725005
idle,SCHED_OTHER,0,20260808,362,35.6615,35.6858,35.6619,0.0044,34.786155,34.821817
idle,SCHED_OTHER,0,20260808,363,10.4754,10.4782,10.4756,0.0005,34.877957,34.888433
idle,SCHED_OTHER,0,20260808,364,31.8373,31.8597,31.8317,-0.0022,34.935574,34.967406
idle,SCHED_OTHER,0,20260808,365,32.3640,32.3833,32.3772,0.0167,34.987489,35.019867
idle,SCHED_OTHER,0,20260808,366,7.3058,7.3080,7.2965,-0.0095,35.035003,35.042300
idle,SCHED_OTHER,0,20260808,367,49.2202,49.2247,49.1938,-0.0204,35.129490,35.178684
idle,SCHED_OTHER,0,20260808,368,30.6199,30.6232,30.5675,-0.0492,35.271949,35.302516
idle,SCHED_OTHER,0,20260808,369,30.0454,30.0650,30.0549,0.0127,35.396794,35.426849
idle,SCHED_OTHER,0,20260808,370,46.2245,46.2337,46.2090,-0.0100,35.523076,35.569285
idle,SCHED_OTHER,0,20260808,371,27.4014,27.4216,27.4104,0.0118,35.642452,35.669862
idle,SCHED_OTHER,0,20260808,372,32.2908,32.2967,32.2878,0.0005,35.722982,35.755270
idle,SCHED_OTHER,0,20260808,373,28.2219,28.2260,28.2160,-0.0030,35.819437,35.847653
idle,SCHED_OTHER,0,20260808,374,16.3245,16.3295,16.3198,-0.0035,35.868797,35.885117
idle,SCHED_OTHER,0,20260808,375,9.5609,9.5632,9.5508,-0.0099,35.914253,35.923804
idle,SCHED_OTHER,0,20260808,376,20.1571,20.1807,20.1565,0.0011,35.935946,35.956102
idle,SCHED_OTHER,0,20260808,377,22.4585,22.4779,22.4618,0.0054,36.031292,36.053753
idle,SCHED_OTHER,0,20260808,378,34.5222,34.5303,34.4967,-0.0216,36.136938,36.171435
idle,SCHED_OTHER,0,20260808,379,12.8754,12.8830,12.8707,-0.0040,36.202533,36.215404
idle,SCHED_OTHER,0,20260808,380,18.3917,18.3970,18.4109,0.0207,36.269521,36.287932
idle,SCHED_OTHER,0,20260808,381,26.0622,26.0679,26.0636,0.0040,36.356059,36.382123
idle,SCHED_OTHER,0,20260808,382,35.2867,35.3099,35.3020,0.0192,36.482296,36.517598
idle,SCHED_OTHER,0,20260808,383,28.7896,28.8119,28.8069,0.0203,36.568738,36.597545
idle,SCHED_OTHER,0,20260808,384,29.1477,29.1549,29.1787,0.0341,36.692740,36.721918
idle,SCHED_OTHER,0,20260808,385,17.1841,17.1874,17.1569,-0.0259,36.790070,36.807227
idle,SCHED_OTHER,0,20260808,386,7.3006,7.3189,7.3220,0.0212,36.868380,36.875702
idle,SCHED_OTHER,0,20260808,387,27.9844,27.9921,27.9883,0.0067,36.891825,36.919813
idle,SCHED_OTHER,0,20260808,388,15.8129,15.8155,15.7929,-0.0189,36.967949,36.983742
idle,SCHED_OTHER,0,20260808,389,33.8723,33.8765,33.8434,-0.0251,37.039908,37.073751
idle,SCHED_OTHER,0,20260808,390,30.3381,30.3416,30.2971,-0.0378,37.109914,37.140211
idle,SCHED_OTHER,0,20260808,391,45.8270,45.8457,45.8226,0.0011,37.202364,37.248187
idle,SCHED_OTHER,0,20260808,392,48.2901,48.3091,48.2791,-0.0052,37.345390,37.393669
idle,SCHED_OTHER,0,20260808,393,30.8212,30.8440,30.7885,-0.0294,37.490902,37.521690
idle,SCHED_OTHER,0,20260808,394,24.2312,24.2336,24.1612,-0.0677,37.586902,37.611063
idle,SCHED_OTHER,0,20260808,395,29.7789,29.7821,29.7793,0.0035,37.640190,37.669969
idle,SCHED_OTHER,0,20260808,396,32.8143,32.8191,32.8125,0.0017,37.681082,37.713895
idle,SCHED_OTHER,0,20260808,397,40.7108,40.7338,40.7645,0.0584,37.813137,37.853901
idle,SCHED_OTHER,0,20260808,398,46.2250,46.2285,46.2143,-0.0052,37.939050,37.985264
idle,SCHED_OTHER,0,20260808,399,30.2574,30.2610,30.2365,-0.0177,38.083453,38.113690
idle,SCHED_OTHER,0,20260808,400,41.8602,41.8810,41.7933,-0.0620,38.130903,38.172696
idle,SCHED_OTHER,0,20260808,401,45.4127,45.4170,45.3904,-0.0168,38.245883,38.291273
idle,SCHED_OTHER,0,20260808,402,22.0679,22.0707,22.0425,-0.0234,38.321433,38.343475
idle,SCHED_OTHER,0,20260808,403,20.3988,20.4187,20.4157,0.0187,38.411638,38.432053
idle,SCHED_OTHER,0,20260808,404,22.7329,22.7392,22.7353,0.0045,38.509219,38.531954
idle,SCHED_OTHER,0,20260808,405,31.9253,31.9454,31.9196,-0.0023,38.577122,38.609041
idle,SCHED_OTHER,0,20260808,406,41.4162,41.4222,41.4167,0.0053,38.670173,38.711590
idle,SCHED_OTHER,0,20260808,407,7.2955,7.3016,7.2920,-0.0037,38.799786,38.807078
idle,SCHED_OTHER,0,20260808,408,41.7713,41.7984,41.7899,0.0235,38.890260,38.932050
idle,SCHED_OTHER,0,20260808,409,23.7068,23.7115,23.6906,-0.0140,39.014248,39.037938
idle,SCHED_OTHER,0,20260808,410,33.0609,33.0638,33.0433,-0.0140,39.055078,39.088122
idle,SCHED_OTHER,0,20260808,411,38.7345,38.7551,38.7449,0.0149,39.152264,39.191009
idle,SCHED_OTHER,0,20260808,412,20.4371,20.4416,20.4399,0.0046,39.209135,39.229575
idle,SCHED_OTHER,0,20260808,413,18.9345,18.9372,18.9318,-0.0011,39.242742,39.261674
idle,SCHED_OTHER,0,20260808,414,42.4280,42.4323,42.3487,-0.0743,39.312874,39.355223
idle,SCHED_OTHER,0,20260808,415,37.5386,37.5455,37.5243,-0.0100,39.390377,39.427901
idle,SCHED_OTHER,0,20260808,416,35.8606,35.8637,35.8614,0.0048,39.476031,39.511892
idle,SCHED_OTHER,0,20260808,417,23.6121,23.6195,23.5906,-0.0192,39.566058,39.589648
idle,SCHED_OTHER,0,20260808,418,19.7704,19.7780,19.7609,-0.0078,39.612783,39.632544
idle,SCHED_OTHER,0,20260808,419,7.2254,7.2408,7.2445,0.0190,39.693681,39.700925
idle,SCHED_OTHER,0,20260808,420,49.8127,49.8345,49.8044,-0.0022,39.792121,39.841925
idle,SCHED_OTHER,0,20260808,421,14.1929,14.1961,14.1643,-0.0278,39.941143,39.955307
idle,SCHED_OTHER,0,20260808,422,17.4412,17.4442,17.4385,-0.0014,39.994567,40.012005
idle,SCHED_OTHER,0,20260808,423,17.5148,17.5215,17.5087,-0.0047,40.069138,40.086647
idle,SCHED_OTHER,0,20260808,424,6.3552,6.3573,6.3385,-0.0170,40.180848,40.187187
idle,SCHED_OTHER,0,20260808,425,18.1295,18.1482,18.1402,0.0122,40.258359,40.276500
idle,SCHED_OTHER,0,20260808,426,35.1846,35.1880,35.1972,0.0166,40.327648,40.362846
idle,SCHED_OTHER,0,20260808,427,23.0286,23.0313,23.0215,-0.0049,40.449986,40.473007
idle,SCHED_OTHER,0,20260808,428,8.2684,8.2719,8.2639,-0.0045,40.556203,40.564467
idle,SCHED_OTHER,0,20260808,429,9.8011,9.8150,9.7959,-0.0050,40.644630,40.654426
idle,SCHED_OTHER,0,20260808,430,30.4719,30.4768,30.4702,0.0016,40.710574,40.741044
idle,SCHED_OTHER,0,20260808,431,46.3109,46.3139,46.2918,-0.0135,40.816219,40.862511
idle,SCHED_OTHER,0,20260808,432,9.2304,9.2328,9.2352,0.0049,40.873626,40.882861
idle,SCHED_OTHER,0,20260808,433,10.8659,10.8685,10.8482,-0.0174,40.971034,40.981882
idle,SCHED_OTHER,0,20260808,434,45.2277,45.2506,45.2371,0.0147,41.065078,41.110315
idle,SCHED_OTHER,0,20260808,435,26.3842,26.4036,26.3845,0.0029,41.190458,41.216842
idle,SCHED_OTHER,0,20260808,436,10.9933,11.0123,11.0105,0.0176,41.267969,41.278980
idle,SCHED_OTHER,0,20260808,437,15.5491,15.5681,15.5485,0.0005,41.362152,41.377700
idle,SCHED_OTHER,0,20260808,438,17.4549,17.4593,17.4356,-0.0180,41.413882,41.431318
idle,SCHED_OTHER,0,20260808,439,49.7954,49.8056,49.7788,-0.0106,41.489438,41.539217
idle,SCHED_OTHER,0,20260808,440,23.2456,23.2654,23.2495,0.0060,41.636417,41.659667
idle,SCHED_OTHER,0,20260808,441,25.7306,25.7352,25.7121,-0.0160,41.677815,41.703527
idle,SCHED_OTHER,0,20260808,442,26.2060,26.2099,26.1830,-0.0204,41.732666,41.758849
idle,SCHED_OTHER,0,20260808,443,48.8287,48.8328,48.8358,0.0130,41.821980,41.870815
idle,SCHED_OTHER,0,20260808,444,37.8602,37.8817,37.8665,0.0106,41.901949,41.939815
idle,SCHED_OTHER,0,20260808,445,7.7379,7.7440,7.7187,-0.0193,41.967969,41.975687
idle,SCHED_OTHER,0,20260808,446,38.6825,38.7031,38.6713,-0.0068,42.024939,42.063610
idle,SCHED_OTHER,0,20260808,447,16.4227,16.4261,16.3688,-0.0527,42.125822,42.142191
idle,SCHED_OTHER,0,20260808,448,36.5357,36.5545,36.5483,0.0167,42.194329,42.230878
idle,SCHED_OTHER,0,20260808,449,25.5551,25.5587,25.5365,-0.0161,42.305038,42.330574
idle,SCHED_OTHER,0,20260808,450,22.5924,22.6119,22.6084,0.0181,42.382697,42.405306
idle,SCHED_OTHER,0,20260808,451,26.5318,26.5532,26.5625,0.0333,42.434396,42.460959
idle,SCHED_OTHER,0,20260808,452,45.2465,45.2696,45.2477,0.0066,42.476100,42.521348
idle,SCHED_OTHER,0,20260808,453,42.5703,42.5740,42.5729,0.0075,42.531501,42.574074
idle,SCHED_OTHER,0,20260808,454,30.7097,30.7172,30.7166,0.0101,42.660228,42.690944
idle,SCHED_OTHER,0,20260808,455,24.2561,24.2599,24.2527,-0.0011,42.705074,42.729327
idle,SCHED_OTHER,0,20260808,456,41.1050,41.1246,41.1019,0.0017,42.811429,42.852531
idle,SCHED_OTHER,0,20260808,457,18.5874,18.5907,18.5716,-0.0143,42.899683,42.918255
idle,SCHED_OTHER,0,20260808,458,19.6758,19.6945,19.6727,-0.0014,43.001419,43.021092
idle,SCHED_OTHER,0,20260808,459,21.2612,21.2670,21.2564,-0.0029,43.063230,43.084487
idle,SCHED_OTHER,0,20260808,460,5.0131,5.0178,5.0115,-0.0021,43.144619,43.149630
idle,SCHED_OTHER,0,20260808,461,30.8023,30.8207,30.7951,-0.0039,43.212795,43.243590
idle,SCHED_OTHER,0,20260808,462,19.3012,19.3197,19.2473,-0.0523,43.300795,43.320042
idle,SCHED_OTHER,0,20260808,463,6.5553,6.5579,6.5520,-0.0035,43.346155,43.352707
idle,SCHED_OTHER,0,20260808,464,21.9757,21.9785,21.9869,0.0131,43.393818,43.415805
idle,SCHED_OTHER,0,20260808,465,43.3366,43.3407,43.3477,0.0162,43.488939,43.532286
idle,SCHED_OTHER,0,20260808,466,20.0267,20.0503,20.0146,-0.0103,43.548406,43.568421
idle,SCHED_OTHER,0,20260808,467,10.8463,10.8496,10.8482,0.0022,43.660599,43.671447
idle,SCHED_OTHER,0,20260808,468,26.1415,26.1622,26.2368,0.0979,43.696555,43.722791
idle,SCHED_OTHER,0,20260808,469,46.2122,46.2154,46.2122,0.0055,43.738834,43.785046
idle,SCHED_OTHER,0,20260808,470,23.6039,23.6074,23.5898,-0.0119,43.849192,43.872782
idle,SCHED_OTHER,0,20260808,471,48.8315,48.8353,48.8382,0.0127,43.954942,44.003781
idle,SCHED_OTHER,0,20260808,472,44.1823,44.1853,44.1733,-0.0038,44.062913,44.107086
idle,SCHED_OTHER,0,20260808,473,41.1483,41.1670,41.1711,0.0276,44.172210,44.213381
idle,SCHED_OTHER,0,20260808,474,14.4369,14.4400,14.4417,0.0057,44.241492,44.255934
idle,SCHED_OTHER,0,20260808,475,41.5415,41.5605,41.5545,0.0179,44.310052,44.351606
idle,SCHED_OTHER,0,20260808,476,12.2644,12.2667,12.2643,0.0004,44.437841,44.450105
idle,SCHED_OTHER,0,20260808,477,49.1471,49.1516,49.1571,0.0159,44.513232,44.562389
idle,SCHED_OTHER,0,20260808,478,44.2502,44.2552,44.2429,-0.0020,44.662559,44.706802
idle,SCHED_OTHER,0,20260808,479,23.5537,23.5736,23.5713,0.0198,44.749926,44.773497
idle,SCHED_OTHER,0,20260808,480,34.7851,34.7885,34.7694,-0.0119,44.853670,44.888440
idle,SCHED_OTHER,0,20260808,481,14.3084,14.3272,14.3037,-0.0038,44.937582,44.951886
idle,SCHED_OTHER,0,20260808,482,9.7324,9.7362,9.7116,-0.0206,45.035059,45.044770
idle,SCHED_OTHER,0,20260808,483,42.2966,42.3002,42.2835,-0.0082,45.112933,45.155217
idle,SCHED_OTHER,0,20260808,484,37.2279,37.2309,37.2015,-0.0222,45.226372,45.263573
idle,SCHED_OTHER,0,20260808,485,16.5303,16.5386,16.5245,-0.0046,45.320770,45.337294
idle,SCHED_OTHER,0,20260808,486,22.9886,22.9915,22.9832,-0.0032,45.405439,45.428422
idle,SCHED_OTHER,0,20260808,487,31.9748,31.9910,31.9680,-0.0034,45.526605,45.558573
idle,SCHED_OTHER,0,20260808,488,28.6420,28.6633,28.6398,0.0008,45.624743,45.653383
idle,SCHED_OTHER,0,20260808,489,41.1847,41.1939,41.1752,-0.0047,45.749568,45.790744
idle,SCHED_OTHER,0,20260808,490,16.3177,16.3219,16.3081,-0.0085,45.859883,45.876191
idle,SCHED_OTHER,0,20260808,491,43.2540,43.2737,43.2647,0.0158,45.922302,45.965567
idle,SCHED_OTHER,0,20260808,492,48.6483,48.6511,48.6145,-0.0279,45.988736,46.037350
idle,SCHED_OTHER,0,20260808,493,41.3594,41.3622,41.3492,-0.0054,46.064477,46.105826
idle,SCHED_OTHER,0,20260808,494,21.8570,21.8599,21.8362,-0.0188,46.166982,46.188818
idle,SCHED_OTHER,0,20260808,495,29.1011,29.1035,29.0802,-0.0179,46.240950,46.270030
idle,SCHED_OTHER,0,20260808,496,16.5007,16.5192,16.5385,0.0390,46.355191,46.371729
idle,SCHED_OTHER,0,20260808,497,25.0547,25.0571,25.0458,-0.0065,46.398828,46.423874
idle,SCHED_OTHER,0,20260808,498,34.4495,34.4539,34.4559,0.0102,46.482994,46.517450
idle,SCHED_OTHER,0,20260808,499,36.0831,36.0862,36.0616,-0.0175,46.599733,46.635795
idle,SCHED_OTHER,0,20260808,500,45.2441,45.2506,45.2456,0.0068,46.677929,46.723174
idle,SCHED_OTHER,0,20260808,501,33.2536,33.2609,33.2335,-0.0164,46.796369,46.829602
idle,SCHED_OTHER,0,20260808,502,21.4516,21.4556,21.4390,-0.0107,46.850748,46.872187
idle,SCHED_OTHER,0,20260808,503,5.3235,5.3259,5.3548,0.0309,46.910367,46.915722
idle,SCHED_OTHER,0,20260808,504,20.8938,20.8972,20.8845,-0.0075,46.997870,47.018754
idle,SCHED_OTHER,0,20260808,505,48.6014,48.6038,48.5972,0.0016,47.058890,47.107487
idle,SCHED_OTHER,0,20260808,506,33.5795,33.5983,33.5784,0.0026,47.162633,47.196211
idle,SCHED_OTHER,0,20260808,507,11.8656,11.8679,11.8433,-0.0217,47.233331,47.245175
idle,SCHED_OTHER,0,20260808,508,31.5510,31.5537,31.5537,0.0061,47.258297,47.289850
idle,SCHED_OTHER,0,20260808,509,6.4583,6.4605,6.4272,-0.0313,47.355009,47.361437
idle,SCHED_OTHER,0,20260808,510,37.1657,37.1725,37.1519,-0.0096,47.430602,47.467754
idle,SCHED_OTHER,0,20260808,511,31.9597,31.9647,31.9586,0.0024,47.533907,47.565865
idle,SCHED_OTHER,0,20260808,512,10.4774,10.4803,10.4669,-0.0102,47.662076,47.672543
idle,SCHED_OTHER,0,20260808,513,47.3981,47.4035,47.3801,-0.0123,47.738734,47.786114
idle,SCHED_OTHER,0,20260808,514,34.1471,34.1506,34.1243,-0.0191,47.848290,47.882414
idle,SCHED_OTHER,0,20260808,515,41.4649,41.4686,41.4629,0.0029,47.907537,47.949000
idle,SCHED_OTHER,0,20260808,516,25.8751,25.8792,25.8840,0.0115,48.013138,48.039022
idle,SCHED_OTHER,0,20260808,517,29.7934,29.7965,29.8006,0.0104,48.082130,48.111931
idle,SCHED_OTHER,0,20260808,518,26.3262,26.3303,26.3150,-0.0086,48.189075,48.215390
idle,SCHED_OTHER,0,20260808,519,10.3606,10.3628,10.3542,-0.0061,48.292549,48.302903
idle,SCHED_OTHER,0,20260808,520,20.0348,20.0423,20.0388,0.0057,48.325022,48.345061
idle,SCHED_OTHER,0,20260808,521,45.1228,45.1288,45.1040,-0.0134,48.374214,48.419318
idle,SCHED_OTHER,0,20260808,522,30.0131,30.0183,30.0166,0.0067,48.488465,48.518482
idle,SCHED_OTHER,0,20260808,523,32.4079,32.4116,32.3407,-0.0637,48.593688,48.626029
idle,SCHED_OTHER,0,20260808,524,30.5579,30.5775,30.5503,-0.0043,48.663169,48.693719
idle,SCHED_OTHER,0,20260808,525,42.8187,42.8219,42.8169,0.0032,48.744857,48.787674
idle,SCHED_OTHER,0,20260808,526,26.7437,26.7633,26.7471,0.0061,48.816826,48.843573
idle,SCHED_OTHER,0,20260808,527,7.8651,7.8680,7.8560,-0.0092,48.897706,48.905562
idle,SCHED_OTHER,0,20260808,528,20.8993,20.9196,20.9850,0.0876,48.948688,48.969673
idle,SCHED_OTHER,0,20260808,529,46.3567,46.3594,46.3630,0.0119,49.008722,49.055086
idle,SCHED_OTHER,0,20260808,530,18.2761,18.2816,18.2922,0.0175,49.138230,49.156522
idle,SCHED_OTHER,0,20260808,531,18.8170,18.8219,18.7947,-0.0208,49.194749,49.213544
idle,SCHED_OTHER,0,20260808,532,42.5327,42.5430,42.5235,-0.0042,49.241686,49.284210
idle,SCHED_OTHER,0,20260808,533,47.7450,47.7496,47.7284,-0.0108,49.366379,49.414108
idle,SCHED_OTHER,0,20260808,534,30.1951,30.2034,30.1958,0.0039,49.436222,49.466418
idle,SCHED_OTHER,0,20260808,535,44.7071,44.7105,44.6248,-0.0770,49.551671,49.596296
idle,SCHED_OTHER,0,20260808,536,38.2475,38.2545,38.2241,-0.0190,49.618486,49.656710
idle,SCHED_OTHER,0,20260808,537,9.7626,9.7652,9.7768,0.0144,49.732874,49.742651
idle,SCHED_OTHER,0,20260808,538,20.9394,20.9432,20.9436,0.0060,49.797757,49.818701
idle,SCHED_OTHER,0,20260808,539,8.1836,8.2043,8.1777,-0.0060,49.849833,49.858011
idle,SCHED_OTHER,0,20260808,540,15.4786,15.4972,15.5177,0.0401,49.897138,49.912656
idle,SCHED_OTHER,0,20260808,541,27.4852,27.5040,27.4779,-0.0045,49.999806,50.027284
idle,SCHED_OTHER,0,20260808,542,38.0907,38.0933,38.0922,0.0058,50.103437,50.141529
idle,SCHED_OTHER,0,20260808,543,6.7163,6.7345,6.7095,-0.0070,50.230738,50.237447
idle,SCHED_OTHER,0,20260808,544,23.4230,23.4333,23.3561,-0.0647,50.250650,50.274006
idle,SCHED_OTHER,0,20260808,545,18.1261,18.1457,18.1359,0.0112,50.334154,50.352290
idle,SCHED_OTHER,0,20260808,546,25.4734,25.4957,25.4784,0.0075,50.447483,50.472961
idle,SCHED_OTHER,0,20260808,547,42.1319,42.1509,42.1309,0.0039,50.573169,50.615300
idle,SCHED_OTHER,0,20260808,548,44.4255,44.4445,44.4301,0.0098,50.650414,50.694844
idle,SCHED_OTHER,0,20260808,549,26.0884,26.0913,26.0763,-0.0095,50.706970,50.733047
idle,SCHED_OTHER,0,20260808,550,19.4482,19.4684,19.4393,-0.0073,50.818227,50.837666
idle,SCHED_OTHER,0,20260808,551,29.2624,29.2813,29.2581,-0.0012,50.883805,50.913063
idle,SCHED_OTHER,0,20260808,552,43.2403,43.2597,43.2513,0.0161,50.999202,51.042453
idle,SCHED_OTHER,0,20260808,553,48.3660,48.3685,48.3195,-0.0406,51.110632,51.158952
idle,SCHED_OTHER,0,20260808,554,24.9412,24.9596,24.9495,0.0108,51.220083,51.245033
idle,SCHED_OTHER,0,20260808,555,15.9423,15.9610,15.9525,0.0113,51.321185,51.337138
idle,SCHED_OTHER,0,20260808,556,41.3341,41.3371,41.3542,0.0249,51.419274,51.460628
idle,SCHED_OTHER,0,20260808,557,35.7476,35.7514,35.7280,-0.0156,51.556778,51.592506
idle,SCHED_OTHER,0,20260808,558,24.6748,24.6934,24.6873,0.0149,51.648626,51.673313
idle,SCHED_OTHER,0,20260808,559,26.8252,26.8281,26.8172,-0.0053,51.730446,51.757263
idle,SCHED_OTHER,0,20260808,560,17.2479,17.2553,17.2482,0.0016,51.821398,51.838646
idle,SCHED_OTHER,0,20260808,561,22.6199,22.6264,22.5877,-0.0301,51.867838,51.890426
idle,SCHED_OTHER,0,20260808,562,42.6335,42.6371,42.6026,-0.0259,51.989769,52.032371
idle,SCHED_OTHER,0,20260808,563,23.6948,23.7127,23.6643,-0.0283,52.113611,52.137275
idle,SCHED_OTHER,0,20260808,564,27.3136,27.3215,27.2971,-0.0137,52.168420,52.195717
idle,SCHED_OTHER,0,20260808,565,10.4616,10.4696,10.4654,0.0041,52.217902,52.228368
idle,SCHED_OTHER,0,20260808,566,7.2475,7.2668,7.2620,0.0144,52.255480,52.262742
idle,SCHED_OTHER,0,20260808,567,29.6992,29.7185,29.7183,0.0222,52.314886,52.344605
idle,SCHED_OTHER,0,20260808,568,37.5150,37.5397,37.5339,0.0232,52.387712,52.425246
idle,SCHED_OTHER,0,20260808,569,6.9631,6.9716,6.9389,-0.0244,52.473390,52.480329
idle,SCHED_OTHER,0,20260808,570,20.1549,20.1611,20.1373,-0.0159,52.563513,52.583650
idle,SCHED_OTHER,0,20260808,571,6.0991,6.1015,6.0735,-0.0259,52.620809,52.626882
idle,SCHED_OTHER,0,20260808,572,11.4902,11.4936,11.4723,-0.0174,52.702054,52.713526
idle,SCHED_OTHER,0,20260808,573,37.0539,37.0631,37.0513,0.0016,52.786696,52.823747
idle,SCHED_OTHER,0,20260808,574,20.4869,20.5098,20.5012,0.0161,52.912914,52.933415
idle,SCHED_OTHER,0,20260808,575,24.6462,24.6493,24.6146,-0.0292,53.000588,53.025202
idle,SCHED_OTHER,0,20260808,576,5.7091,5.7122,5.6869,-0.0226,53.049342,53.055029
idle,SCHED_OTHER,0,20260808,577,49.3335,49.3367,49.3427,0.0152,53.155162,53.204505
idle,SCHED_OTHER,0,20260808,578,36.8577,36.8614,36.8630,0.0095,53.238624,53.275488
idle,SCHED_OTHER,0,20260808,579,12.4245,12.4437,12.4345,0.0106,53.331608,53.344043
idle,SCHED_OTHER,0,20260808,580,45.4568,45.4593,45.4305,-0.0209,53.407177,53.452607
idle,SCHED_OTHER,0,20260808,581,21.3436,21.3470,21.3451,0.0034,53.524832,53.546177
idle,SCHED_OTHER,0,20260808,582,11.7611,11.7684,11.7634,0.0028,53.560287,53.572050
idle,SCHED_OTHER,0,20260808,583,30.7869,30.7894,30.7831,-0.0005,53.647210,53.677993
idle,SCHED_OTHER,0,20260808,584,34.5391,34.5433,34.5210,-0.0143,53.724126,53.758647
idle,SCHED_OTHER,0,20260808,585,14.7020,14.7052,14.7028,0.0017,53.822775,53.837478
idle,SCHED_OTHER,0,20260808,586,42.0062,42.0256,42.0198,0.0185,53.864722,53.906742
idle,SCHED_OTHER,0,20260808,587,31.3567,31.3754,31.3705,0.0171,53.975895,54.007265
idle,SCHED_OTHER,0,20260808,588,5.4401,5.4429,5.4451,0.0046,54.104457,54.109902
idle,SCHED_OTHER,0,20260808,589,9.9324,9.9353,9.9272,-0.0050,54.142010,54.151937
idle,SCHED_OTHER,0,20260808,590,35.8589,35.8776,35.8665,0.0116,54.231103,54.266969
idle,SCHED_OTHER,0,20260808,591,7.5631,7.5669,7.5701,0.0069,54.295082,54.302653
idle,SCHED_OTHER,0,20260808,592,9.7644,9.7668,9.7703,0.0061,54.356792,54.366562
idle,SCHED_OTHER,0,20260808,593,6.7565,6.7584,6.7437,-0.0131,54.424670,54.431414
idle,SCHED_OTHER,0,20260808,594,40.6185,40.6382,40.6288,0.0150,54.504569,54.545198
idle,SCHED_OTHER,0,20260808,595,34.0089,34.0178,34.0114,0.0062,54.571314,54.605326
idle,SCHED_OTHER,0,20260808,596,18.7626,18.7672,18.6840,-0.0771,54.669562,54.688246
idle,SCHED_OTHER,0,20260808,597,23.1549,23.1584,23.1555,0.0027,54.774429,54.797585
idle,SCHED_OTHER,0,20260808,598,25.3704,25.3748,25.3670,-0.0009,54.880767,54.906134
idle,SCHED_OTHER,0,20260808,599,41.2768,41.2839,41.2678,-0.0041,54.961389,55.002657
idle,SCHED_OTHER,0,20260808,600,45.5759,45.5819,45.5728,0.0023,55.050819,55.096391
idle,SCHED_OTHER,0,20260808,601,29.3510,29.3701,29.3188,-0.0292,55.138551,55.167869
idle,SCHED_OTHER,0,20260808,602,9.7253,9.7292,9.7129,-0.0122,55.261058,55.270771
idle,SCHED_OTHER,0,20260808,603,44.9208,44.9402,44.9243,0.0088,55.309923,55.354847
idle,SCHED_OTHER,0,20260808,604,11.6898,11.7086,11.7104,0.0211,55.407964,55.419675
idle,SCHED_OTHER,0,20260808,605,18.2535,18.2798,18.2717,0.0197,55.522151,55.540422
idle,SCHED_OTHER,0,20260808,606,28.7828,28.8018,28.7823,0.0025,55.621604,55.650386
idle,SCHED_OTHER,0,20260808,607,38.4063,38.4142,38.3825,-0.0194,55.669538,55.707921
idle,SCHED_OTHER,0,20260808,608,42.1875,42.1907,42.1701,-0.0125,55.800188,55.842358
idle,SCHED_OTHER,0,20260808,609,38.5829,38.5898,38.5333,-0.0452,55.907542,55.946076
idle,SCHED_OTHER,0,20260808,610,32.4055,32.4119,32.4072,0.0052,55.969160,56.001567
idle,SCHED_OTHER,0,20260808,611,29.9513,29.9723,29.9507,0.0026,56.040740,56.070690
idle,SCHED_OTHER,0,20260808,612,13.4169,13.4194,13.4208,0.0047,56.090869,56.104290
idle,SCHED_OTHER,0,20260808,613,43.8622,43.8663,43.8614,0.0044,56.156416,56.200278
idle,SCHED_OTHER,0,20260808,614,39.7573,39.7610,39.7558,0.0031,56.259402,56.299158
idle,SCHED_OTHER,0,20260808,615,8.8510,8.8555,8.8382,-0.0127,56.384335,56.393173
idle,SCHED_OTHER,0,20260808,616,10.7630,10.7687,10.7706,0.0079,56.437290,56.448061
idle,SCHED_OTHER,0,20260808,617,15.1603,15.1796,15.1807,0.0214,56.468149,56.483330
idle,SCHED_OTHER,0,20260808,618,10.5654,10.5728,10.5039,-0.0611,56.540530,56.551034
idle,SCHED_OTHER,0,20260808,619,32.7543,32.7748,32.7637,0.0130,56.595155,56.627918
idle,SCHED_OTHER,0,20260808,620,18.2035,18.2229,18.2125,0.0105,56.709082,56.727295
idle,SCHED_OTHER,0,20260808,621,28.9924,29.0142,28.9863,-0.0031,56.784447,56.813434
idle,SCHED_OTHER,0,20260808,622,9.6094,9.6296,9.6298,0.0206,56.825556,56.835186
idle,SCHED_OTHER,0,20260808,623,9.3867,9.4053,9.3750,-0.0116,56.906350,56.915725
idle,SCHED_OTHER,0,20260808,624,27.4272,27.4465,27.4434,0.0190,56.963890,56.991333
idle,SCHED_OTHER,0,20260808,625,8.8746,8.8814,8.8289,-0.0456,57.027512,57.036341
idle,SCHED_OTHER,0,20260808,626,48.0946,48.0975,48.0282,-0.0606,57.054518,57.102546
idle,SCHED_OTHER,0,20260808,627,18.4721,18.4757,18.4649,-0.0057,57.124670,57.143135
idle,SCHED_OTHER,0,20260808,628,42.7172,42.7230,42.7107,-0.0015,57.157277,57.199987
idle,SCHED_OTHER,0,20260808,629,31.2984,31.3014,31.2940,-0.0011,57.215215,57.246509
idle,SCHED_OTHER,0,20260808,630,45.5719,45.5912,45.5742,0.0078,57.318663,57.364237
idle,SCHED_OTHER,0,20260808,631,19.3252,19.3284,19.3028,-0.0208,57.390367,57.409670
idle,SCHED_OTHER,0,20260808,632,26.8116,26.8153,26.7962,-0.0127,57.469830,57.496626
idle,SCHED_OTHER,0,20260808,633,33.3002,33.3202,33.3003,0.0037,57.573789,57.607090
idle,SCHED_OTHER,0,20260808,634,9.2311,9.2496,9.2476,0.0166,57.704264,57.713512
idle,SCHED_OTHER,0,20260808,635,19.3608,19.3717,19.3616,0.0024,57.806789,57.826151
idle,SCHED_OTHER,0,20260808,636,25.9443,25.9652,25.9544,0.0126,57.919340,57.945294
idle,SCHED_OTHER,0,20260808,637,26.3320,26.3514,26.2687,-0.0607,57.997502,58.023771
idle,SCHED_OTHER,0,20260808,638,33.6287,33.6323,33.6297,0.0046,58.061889,58.095518
idle,SCHED_OTHER,0,20260808,639,27.4818,27.4860,27.4912,0.0122,58.115623,58.143114
idle,SCHED_OTHER,0,20260808,640,33.2405,33.2690,33.2479,0.0111,58.233394,58.266642
idle,SCHED_OTHER,0,20260808,641,21.0263,21.0449,21.0424,0.0179,58.299794,58.320836
idle,SCHED_OTHER,0,20260808,642,6.7665,6.7695,6.7528,-0.0139,58.374005,58.380758
idle,SCHED_OTHER,0,20260808,643,14.6553,14.6594,14.6568,0.0024,58.455081,58.469738
idle,SCHED_OTHER,0,20260808,644,19.6806,19.6941,19.6942,0.0153,58.553912,58.573606
idle,SCHED_OTHER,0,20260808,645,7.0610,7.0633,7.0722,0.0110,58.663788,58.670860
idle,SCHED_OTHER,0,20260808,646,39.1741,39.1944,39.1928,0.0232,58.706969,58.746162
idle,SCHED_OTHER,0,20260808,647,31.7776,31.7887,31.7674,-0.0068,58.808314,58.840082
idle,SCHED_OTHER,0,20260808,648,38.9691,38.9719,38.9468,-0.0179,58.895222,58.934169
idle,SCHED_OTHER,0,20260808,649,19.5034,19.5066,19.5063,0.0045,58.979291,58.998797
idle,SCHED_OTHER,0,20260808,650,44.8755,44.8957,44.8846,0.0144,59.079962,59.124846
idle,SCHED_OTHER,0,20260808,651,14.4480,14.4515,14.4869,0.0398,59.174983,59.189470
idle,SCHED_OTHER,0,20260808,652,20.5203,20.5400,20.5244,0.0059,59.220549,59.241074
idle,SCHED_OTHER,0,20260808,653,18.9243,18.9298,18.9284,0.0057,59.322230,59.341159
idle,SCHED_OTHER,0,20260808,654,19.4344,19.4544,19.4427,0.0099,59.364286,59.383729
idle,SCHED_OTHER,0,20260808,655,7.5412,7.5606,7.5315,-0.0098,59.477974,59.485505
idle,SCHED_OTHER,0,20260808,656,5.6858,5.7044,5.7062,0.0200,59.496643,59.502350
idle,SCHED_OTHER,0,20260808,657,47.5051,47.5195,47.5147,0.0153,59.586515,59.634029
idle,SCHED_OTHER,0,20260808,658,8.9815,8.9843,8.9644,-0.0170,59.657194,59.666158
idle,SCHED_OTHER,0,20260808,659,45.0848,45.1054,45.0949,0.0155,59.689287,59.734382
idle,SCHED_OTHER,0,20260808,660,28.7796,28.7823,28.7573,-0.0193,59.749515,59.778273
idle,SCHED_OTHER,0,20260808,661,7.7202,7.7396,7.6971,-0.0232,59.852454,59.860151
idle,SCHED_OTHER,0,20260808,662,25.9137,25.9209,25.8989,-0.0122,59.894286,59.920185
idle,SCHED_OTHER,0,20260808,663,7.9761,7.9964,7.9829,0.0067,59.968311,59.976294
idle,SCHED_OTHER,0,20260808,664,27.8250,27.8299,27.8000,-0.0222,60.007457,60.035257
idle,SCHED_OTHER,0,20260808,665,44.2621,44.2812,44.2875,0.0306,60.058362,60.102649
idle,SCHED_OTHER,0,20260808,666,11.8730,11.8877,11.8891,0.0167,60.184794,60.196683
idle,SCHED_OTHER,0,20260808,667,14.5082,14.5270,14.5789,0.0716,60.283872,60.298451
idle,SCHED_OTHER,0,20260808,668,25.0227,25.0414,25.0204,0.0002,60.332522,60.357543
idle,SCHED_OTHER,0,20260808,669,49.2073,49.2259,49.2053,0.0040,60.420691,60.469897
idle,SCHED_OTHER,0,20260808,670,27.8670,27.8870,27.8741,0.0099,60.494034,60.521908
idle,SCHED_OTHER,0,20260808,671,47.6228,47.6284,47.5946,-0.0224,60.588083,60.635677
idle,SCHED_OTHER,0,20260808,672,10.0074,10.0108,10.0005,-0.0067,60.652812,60.662813
idle,SCHED_OTHER,0,20260808,673,24.4750,24.4952,24.4740,0.0013,60.746008,60.770482
idle,SCHED_OTHER,0,20260808,674,30.0955,30.1007,30.0894,-0.0030,60.826622,60.856711
idle,SCHED_OTHER,0,20260808,675,27.8932,27.9135,27.8811,-0.0093,60.953050,60.980931
idle,SCHED_OTHER,0,20260808,676,5.1543,5.1615,5.1520,-0.0027,61.006026,61.011178
idle,SCHED_OTHER,0,20260808,677,6.8114,6.8137,6.7994,-0.0122,61.095355,61.102154
idle,SCHED_OTHER,0,20260808,678,45.2896,45.3129,45.3052,0.0210,61.136282,61.181587
idle,SCHED_OTHER,0,20260808,679,34.6774,34.6971,34.6754,0.0019,61.253758,61.288433
idle,SCHED_OTHER,0,20260808,680,26.4441,26.4658,26.4710,0.0296,61.339554,61.366025
idle,SCHED_OTHER,0,20260808,681,13.7079,13.7102,13.7082,0.0011,61.407136,61.420844
idle,SCHED_OTHER,0,20260808,682,35.3552,35.3589,35.3539,0.0026,61.491987,61.527341
idle,SCHED_OTHER,0,20260808,683,48.7070,48.7212,48.6866,-0.0145,61.586522,61.635209
idle,SCHED_OTHER,0,20260808,684,11.5529,11.5561,11.5240,-0.0284,61.734414,61.745938
idle,SCHED_OTHER,0,20260808,685,25.7408,25.7602,25.7526,0.0143,61.841070,61.866823
idle,SCHED_OTHER,0,20260808,686,29.3451,29.3510,29.3448,0.0028,61.954994,61.984339
idle,SCHED_OTHER,0,20260808,687,44.1161,44.1364,44.1355,0.0246,62.036474,62.080610
idle,SCHED_OTHER,0,20260808,688,23.7978,23.8166,23.8095,0.0139,62.116744,62.140553
idle,SCHED_OTHER,0,20260808,689,29.0043,29.0230,29.0187,0.0174,62.216703,62.245722
idle,SCHED_OTHER,0,20260808,690,35.8522,35.8558,35.8244,-0.0238,62.298869,62.334694
idle,SCHED_OTHER,0,20260808,691,49.6899,49.6970,49.6862,0.0024,62.368927,62.418613
idle,SCHED_OTHER,0,20260808,692,26.7032,26.7056,26.7013,0.0008,62.443728,62.470430
idle,SCHED_OTHER,0,20260808,693,9.4572,9.4664,9.4586,0.0016,62.545570,62.555029
idle,SCHED_OTHER,0,20260808,694,32.8256,32.8517,32.8367,0.0146,62.586162,62.618999
idle,SCHED_OTHER,0,20260808,695,39.0861,39.0899,39.0823,0.0007,62.641189,62.680271
idle,SCHED_OTHER,0,20260808,696,6.9473,6.9512,7.0040,0.0565,62.721398,62.728402
idle,SCHED_OTHER,0,20260808,697,35.2359,35.2418,35.2420,0.0100,62.752448,62.787690
idle,SCHED_OTHER,0,20260808,698,41.4287,41.4316,41.4084,-0.0154,62.848849,62.890257
idle,SCHED_OTHER,0,20260808,699,38.6654,38.6687,38.6405,-0.0205,62.930406,62.969047
idle,SCHED_OTHER,0,20260808,700,36.4841,36.4894,36.4815,0.0015,63.036313,63.072794
idle,SCHED_OTHER,0,20260808,701,7.7679,7.7718,7.7424,-0.0256,63.153972,63.161715
idle,SCHED_OTHER,0,20260808,702,47.6511,47.6577,47.6407,-0.0047,63.257906,63.305546
idle,SCHED_OTHER,0,20260808,703,28.4194,28.4381,28.4186,0.0021,63.332684,63.361102
idle,SCHED_OTHER,0,20260808,704,37.4345,37.4536,37.4346,0.0043,63.383235,63.420669
idle,SCHED_OTHER,0,20260808,705,11.1704,11.1911,11.1641,-0.0059,63.481817,63.492981
idle,SCHED_OTHER,0,20260808,706,44.8011,44.8243,44.7998,0.0040,63.589282,63.634082
idle,SCHED_OTHER,0,20260808,707,28.3309,28.3340,28.3305,0.0025,63.658209,63.686540
idle,SCHED_OTHER,0,20260808,708,11.5053,11.5138,11.5079,0.0030,63.707670,63.719178
idle,SCHED_OTHER,0,20260808,709,34.1102,34.1136,34.0353,-0.0711,63.776374,63.810409
idle,SCHED_OTHER,0,20260808,710,32.0675,32.0987,32.0866,0.0226,63.877567,63.909654
idle,SCHED_OTHER,0,20260808,711,17.5451,17.5640,17.5490,0.0052,64.009845,64.027394
idle,SCHED_OTHER,0,20260808,712,28.9740,28.9928,28.9905,0.0195,64.048519,64.077509
idle,SCHED_OTHER,0,20260808,713,11.4734,11.4917,11.4971,0.0242,64.163665,64.175162
idle,SCHED_OTHER,0,20260808,714,18.0723,18.0911,18.0873,0.0164,64.222278,64.240365
idle,SCHED_OTHER,0,20260808,715,31.6913,31.6952,31.6641,-0.0238,64.255498,64.287162
idle,SCHED_OTHER,0,20260808,716,44.7703,44.7890,44.6950,-0.0700,64.309372,64.354067
idle,SCHED_OTHER,0,20260808,717,32.0269,32.0329,32.0328,0.0093,64.428213,64.460245
idle,SCHED_OTHER,0,20260808,718,19.2378,19.2402,19.2273,-0.0089,64.486387,64.505614
idle,SCHED_OTHER,0,20260808,719,27.3467,27.3497,27.3343,-0.0096,64.561748,64.589082
idle,SCHED_OTHER,0,20260808,720,32.7980,32.8031,32.7722,-0.0222,64.685274,64.718046
idle,SCHED_OTHER,0,20260808,721,16.6804,16.6829,16.6630,-0.0162,64.806246,64.822909
idle,SCHED_OTHER,0,20260808,722,7.1331,7.1514,7.1439,0.0106,64.903006,64.910150
idle,SCHED_OTHER,0,20260808,723,34.3283,34.3310,34.2387,-0.0858,64.960358,64.994597
idle,SCHED_OTHER,0,20260808,724,25.6968,25.7155,25.7151,0.0209,65.075795,65.101510
idle,SCHED_OTHER,0,20260808,725,8.4935,8.4956,8.4937,0.0002,65.117623,65.126117
idle,SCHED_OTHER,0,20260808,726,43.8532,43.8563,43.7839,-0.0641,65.158351,65.202134
idle,SCHED_OTHER,0,20260808,727,6.3231,6.3256,6.2613,-0.0621,65.277341,65.283602
idle,SCHED_OTHER,0,20260808,728,14.8066,14.8089,14.8037,-0.0020,65.317718,65.332522
idle,SCHED_OTHER,0,20260808,729,9.5789,9.5809,9.5548,-0.0239,65.407695,65.417250
idle,SCHED_OTHER,0,20260808,730,10.6999,10.7023,10.6779,-0.0216,65.452385,65.463063
idle,SCHED_OTHER,0,20260808,731,15.4779,15.4963,15.4730,-0.0038,65.485204,65.500677
idle,SCHED_OTHER,0,20260808,732,19.0146,19.0333,19.0211,0.0081,65.559829,65.578850
idle,SCHED_OTHER,0,20260808,733,23.1861,23.2048,23.1816,-0.0023,65.614955,65.638137
idle,SCHED_OTHER,0,20260808,734,25.6941,25.6973,25.6729,-0.0186,65.695417,65.721090
idle,SCHED_OTHER,0,20260808,735,36.5031,36.5063,36.4801,-0.0189,65.798342,65.834822
idle,SCHED_OTHER,0,20260808,736,35.1805,35.1829,35.1790,0.0024,65.908930,65.944109
idle,SCHED_OTHER,0,20260808,737,14.9621,14.9654,14.8801,-0.0811,66.017345,66.032226
idle,SCHED_OTHER,0,20260808,738,44.2609,44.2662,44.2430,-0.0126,66.071471,66.115714
idle,SCHED_OTHER,0,20260808,739,32.5148,32.5208,32.5215,0.0103,66.139838,66.172360
idle,SCHED_OTHER,0,20260808,740,44.8927,44.9124,44.9071,0.0197,66.223482,66.268389
idle,SCHED_OTHER,0,20260808,741,30.1339,30.1364,30.1211,-0.0096,66.314526,66.344647
idle,SCHED_OTHER,0,20260808,742,46.4923,46.5110,46.4989,0.0122,66.427824,66.474323
idle,SCHED_OTHER,0,20260808,743,21.0142,21.0174,21.0021,-0.0103,66.552591,66.573593
idle,SCHED_OTHER,0,20260808,744,13.2257,13.2443,13.2377,0.0127,66.632720,66.645958
idle,SCHED_OTHER,0,20260808,745,8.0313,8.0346,8.0352,0.0038,66.670075,66.678110
idle,SCHED_OTHER,0,20260808,746,15.7210,15.7260,15.6709,-0.0490,66.763321,66.778992
idle,SCHED_OTHER,0,20260808,747,17.9986,18.0019,17.9736,-0.0235,66.806247,66.824220
idle,SCHED_OTHER,0,20260808,748,29.8961,29.8999,29.9043,0.0113,66.904410,66.934314
idle,SCHED_OTHER,0,20260808,749,15.0787,15.0973,15.0866,0.0089,66.948419,66.963506
idle,SCHED_OTHER,0,20260808,750,44.4737,44.4983,44.4969,0.0285,67.011635,67.056131
idle,SCHED_OTHER,0,20260808,751,10.2986,10.3175,10.3031,0.0048,67.125310,67.135613
idle,SCHED_OTHER,0,20260808,752,25.0958,25.0990,25.0998,0.0065,67.205750,67.230849
idle,SCHED_OTHER,0,20260808,753,13.1234,13.1275,13.1051,-0.0176,67.275977,67.289082
idle,SCHED_OTHER,0,20260808,754,47.5543,47.5579,47.5536,0.0050,67.339206,67.386760
idle,SCHED_OTHER,0,20260808,755,12.9064,12.9091,12.9075,0.0017,67.409886,67.422793
idle,SCHED_OTHER,0,20260808,756,43.0762,43.0826,43.0519,-0.0192,67.484931,67.527983
idle,SCHED_OTHER,0,20260808,757,24.3135,24.3343,24.3213,0.0101,67.557121,67.581442
idle,SCHED_OTHER,0,20260808,758,32.7802,32.7832,32.7832,0.0066,67.659582,67.692365
idle,SCHED_OTHER,0,20260808,759,28.5285,28.5311,28.5167,-0.0089,67.765533,67.794050
idle,SCHED_OTHER,0,20260808,760,44.7248,44.7473,44.7378,0.0183,67.839163,67.883900
idle,SCHED_OTHER,0,20260808,761,28.7635,28.7663,28.7640,0.0035,67.926051,67.954815
idle,SCHED_OTHER,0,20260808,762,30.6288,30.6318,30.6203,-0.0053,68.043962,68.074582
idle,SCHED_OTHER,0,20260808,763,45.8770,45.8796,45.8576,-0.0139,68.144734,68.190592
idle,SCHED_OTHER,0,20260808,764,17.5266,17.5454,17.5560,0.0307,68.268738,68.286294
idle,SCHED_OTHER,0,20260808,765,6.1637,6.1817,6.1770,0.0130,68.355434,68.361611
idle,SCHED_OTHER,0,20260808,766,44.7649,44.7749,44.7660,0.0064,68.405721,68.450487
idle,SCHED_OTHER,0,20260808,767,38.0790,38.0832,38.0659,-0.0088,68.501641,68.539706
idle,SCHED_OTHER,0,20260808,768,8.4634,8.4664,8.4668,0.0034,68.574822,68.583289
idle,SCHED_OTHER,0,20260808,769,23.9189,23.9219,23.9056,-0.0110,68.656451,68.680357
idle,SCHED_OTHER,0,20260808,770,16.5305,16.5347,16.5157,-0.0136,68.730494,68.747009
idle,SCHED_OTHER,0,20260808,771,31.2042,31.2076,31.1964,-0.0045,68.773141,68.804338
idle,SCHED_OTHER,0,20260808,772,25.7337,25.7525,25.7737,0.0425,68.875506,68.901279
idle,SCHED_OTHER,0,20260808,773,18.4159,18.4349,18.4392,0.0248,68.924345,68.942784
idle,SCHED_OTHER,0,20260808,774,10.5311,10.5513,10.5444,0.0136,68.962034,68.972578
idle,SCHED_OTHER,0,20260808,775,24.2527,24.2573,24.2344,-0.0160,69.005732,69.029967
idle,SCHED_OTHER,0,20260808,776,39.9594,39.9627,39.9429,-0.0119,69.069114,69.109057
idle,SCHED_OTHER,0,20260808,777,28.8986,28.9207,28.9037,0.0081,69.147190,69.176094
idle,SCHED_OTHER,0,20260808,778,9.9510,9.9698,9.9181,-0.0327,69.196273,69.206191
idle,SCHED_OTHER,0,20260808,779,5.5885,5.6065,5.6043,0.0154,69.245318,69.250922
idle,SCHED_OTHER,0,20260808,780,49.5167,49.5203,49.5116,0.0009,69.300058,69.349570
idle,SCHED_OTHER,0,20260808,781,12.8025,12.8082,12.7844,-0.0174,69.436750,69.449535
idle,SCHED_OTHER,0,20260808,782,11.5703,11.5754,11.5611,-0.0088,69.548722,69.560283
idle,SCHED_OTHER,0,20260808,783,36.7898,36.8097,36.8489,0.0633,69.603409,69.640258
idle,SCHED_OTHER,0,20260808,784,25.3096,25.3120,25.3115,0.0044,69.666327,69.691638
idle,SCHED_OTHER,0,20260808,785,33.7037,33.7115,33.6913,-0.0087,69.788824,69.822516
idle,SCHED_OTHER,0,20260808,786,34.9423,34.9457,34.9283,-0.0101,69.897702,69.932630
idle,SCHED_OTHER,0,20260808,787,31.7594,31.7664,31.7411,-0.0149,69.958781,69.990522
idle,SCHED_OTHER,0,20260808,788,23.7654,23.7846,23.7844,0.0212,70.015653,70.039437
idle,SCHED_OTHER,0,20260808,789,27.0783,27.0897,27.0874,0.0119,70.069611,70.096698
idle,SCHED_OTHER,0,20260808,790,20.4245,20.4433,20.4353,0.0126,70.186860,70.207295
idle,SCHED_OTHER,0,20260808,791,8.9618,8.9643,8.9354,-0.0263,70.304518,70.313453
idle,SCHED_OTHER,0,20260808,792,39.2460,39.2500,39.2539,0.0124,70.360572,70.399826
idle,SCHED_OTHER,0,20260808,793,10.4130,10.4159,10.4103,-0.0024,70.478912,70.489322
idle,SCHED_OTHER,0,20260808,794,16.8587,16.8784,16.8727,0.0152,70.539442,70.556314
idle,SCHED_OTHER,0,20260808,795,45.5945,45.5977,45.6002,0.0112,70.590445,70.636045
idle,SCHED_OTHER,0,20260808,796,22.9765,22.9825,22.9595,-0.0148,70.720317,70.743276
idle,SCHED_OTHER,0,20260808,797,6.1330,6.1513,6.1385,0.0051,70.782513,70.788651
idle,SCHED_OTHER,0,20260808,798,48.7438,48.7515,48.7569,0.0190,70.885490,70.934247
idle,SCHED_OTHER,0,20260808,799,23.1980,23.2048,23.2054,0.0096,71.003377,71.026582
idle,SCHED_OTHER,0,20260808,800,7.7559,7.7599,7.7447,-0.0112,71.102770,71.110515
idle,SCHED_OTHER,0,20260808,801,7.1858,7.1883,7.1592,-0.0268,71.186706,71.193865
idle,SCHED_OTHER,0,20260808,802,5.2412,5.2434,5.2310,-0.0107,71.257019,71.262250
idle,SCHED_OTHER,0,20260808,803,48.4283,48.4311,48.4201,-0.0024,71.302366,71.350787
idle,SCHED_OTHER,0,20260808,804,41.5533,41.5565,41.5437,-0.0047,71.371974,71.413517
idle,SCHED_OTHER,0,20260808,805,11.8476,11.8500,11.8390,-0.0081,71.425665,71.437504
idle,SCHED_OTHER,0,20260808,806,22.6612,22.6654,22.6428,-0.0163,71.499659,71.522301
idle,SCHED_OTHER,0,20260808,807,9.3920,9.4126,9.4034,0.0116,71.573424,71.582828
idle,SCHED_OTHER,0,20260808,808,24.9115,24.9311,24.9262,0.0171,71.630956,71.655882
idle,SCHED_OTHER,0,20260808,809,19.7589,19.7777,19.7791,0.0218,71.697998,71.717777
idle,SCHED_OTHER,0,20260808,810,24.9311,24.9383,24.9123,-0.0164,71.742906,71.767818
idle,SCHED_OTHER,0,20260808,811,40.0467,40.0496,40.0386,-0.0035,71.854000,71.894038
idle,SCHED_OTHER,0,20260808,812,16.4877,16.5063,16.5036,0.0170,71.992218,72.008722
idle,SCHED_OTHER,0,20260808,813,39.4747,39.4774,39.4712,0.0011,72.034891,72.074362
idle,SCHED_OTHER,0,20260808,814,29.1270,29.1294,29.1213,-0.0026,72.142504,72.171625
idle,SCHED_OTHER,0,20260808,815,23.3210,23.3232,23.3025,-0.0163,72.217758,72.241060
idle,SCHED_OTHER,0,20260808,816,9.5819,9.6008,9.5729,-0.0088,72.297222,72.306795
idle,SCHED_OTHER,0,20260808,817,24.0873,24.1072,24.0832,-0.0018,72.389035,72.413118
idle,SCHED_OTHER,0,20260808,818,35.9790,35.9824,35.9713,-0.0037,72.472285,72.508256
idle,SCHED_OTHER,0,20260808,819,13.3182,13.3227,13.3192,0.0017,72.583522,72.596841
idle,SCHED_OTHER,0,20260808,820,40.0429,40.0643,40.0532,0.0150,72.687030,72.727084
idle,SCHED_OTHER,0,20260808,821,28.2687,28.2719,28.2545,-0.0112,72.798246,72.826500
idle,SCHED_OTHER,0,20260808,822,12.1414,12.1610,12.1509,0.0100,72.902675,72.914826
idle,SCHED_OTHER,0,20260808,823,8.7658,8.7679,8.7651,-0.0006,73.013020,73.021786
idle,SCHED_OTHER,0,20260808,824,49.5782,49.5979,49.5885,0.0163,73.077930,73.127519
idle,SCHED_OTHER,0,20260808,825,11.7816,11.7840,11.7917,0.0106,73.181637,73.193429
idle,SCHED_OTHER,0,20260808,826,23.2112,23.2140,23.2177,0.0087,73.285589,73.308807
idle,SCHED_OTHER,0,20260808,827,27.8927,27.8959,27.8884,-0.0015,73.337938,73.365826
idle,SCHED_OTHER,0,20260808,828,6.5924,6.5951,6.5875,-0.0051,73.450987,73.457574
idle,SCHED_OTHER,0,20260808,829,43.4897,43.5099,43.5038,0.0192,73.556754,73.600258
idle,SCHED_OTHER,0,20260808,830,35.8582,35.8778,35.8638,0.0096,73.681423,73.717286
idle,SCHED_OTHER,0,20260808,831,40.7717,40.7769,40.7876,0.0206,73.793434,73.834222
idle,SCHED_OTHER,0,20260808,832,46.9360,46.9393,46.9336,0.0033,73.886338,73.933271
idle,SCHED_OTHER,0,20260808,833,47.8338,47.8526,47.8477,0.0197,73.955392,74.003240
idle,SCHED_OTHER,0,20260808,834,16.9926,16.9947,16.9730,-0.0183,74.015413,74.032386
idle,SCHED_OTHER,0,20260808,835,37.0832,37.1016,37.0975,0.0185,74.087500,74.124597
idle,SCHED_OTHER,0,20260808,836,16.4329,16.4518,16.4538,0.0221,74.185722,74.202175
idle,SCHED_OTHER,0,20260808,837,19.4260,19.4445,19.4486,0.0243,74.234288,74.253737
idle,SCHED_OTHER,0,20260808,838,49.8243,49.8440,49.8215,0.0033,74.329862,74.379683
idle,SCHED_OTHER,0,20260808,839,14.1704,14.1912,14.1844,0.0149,74.428782,74.442967
idle,SCHED_OTHER,0,20260808,840,33.1935,33.2030,33.1829,-0.0070,74.532164,74.565347
idle,SCHED_OTHER,0,20260808,841,18.4424,18.4608,18.4652,0.0242,74.587471,74.605936
idle,SCHED_OTHER,0,20260808,842,18.7915,18.8101,18.7995,0.0096,74.638063,74.656863
idle,SCHED_OTHER,0,20260808,843,8.9791,8.9823,8.9649,-0.0141,74.686993,74.695958
idle,SCHED_OTHER,0,20260808,844,18.7832,18.8026,18.7986,0.0170,74.717079,74.735878
idle,SCHED_OTHER,0,20260808,845,42.4721,42.4756,42.4729,0.0057,74.811030,74.853503
idle,SCHED_OTHER,0,20260808,846,29.1479,29.1564,29.1286,-0.0163,74.945681,74.974810
idle,SCHED_OTHER,0,20260808,847,46.6910,46.7114,46.7059,0.0205,75.018926,75.065632
idle,SCHED_OTHER,0,20260808,848,46.0443,46.0485,46.0389,0.0001,75.076754,75.122793
idle,SCHED_OTHER,0,20260808,849,24.1389,24.1577,24.1685,0.0319,75.215982,75.240151
idle,SCHED_OTHER,0,20260808,850,35.6814,35.6911,35.6886,0.0111,75.251234,75.286922
idle,SCHED_OTHER,0,20260808,851,15.2020,15.2206,15.2187,0.0177,75.347069,75.362288
idle,SCHED_OTHER,0,20260808,852,49.0523,49.0643,49.0487,0.0023,75.386441,75.435490
idle,SCHED_OTHER,0,20260808,853,47.2149,47.2192,47.2002,-0.0091,75.526670,75.573871
idle,SCHED_OTHER,0,20260808,854,24.1500,24.1685,24.1688,0.0211,75.608978,75.633147
idle,SCHED_OTHER,0,20260808,855,44.2434,44.2482,44.2248,-0.0134,75.688301,75.732525
idle,SCHED_OTHER,0,20260808,856,31.1755,31.1958,31.1914,0.0193,75.758645,75.789837
idle,SCHED_OTHER,0,20260808,857,16.6397,16.6580,16.6534,0.0149,75.840949,75.857602
idle,SCHED_OTHER,0,20260808,858,31.1928,31.2120,31.1804,-0.0091,75.923802,75.954983
idle,SCHED_OTHER,0,20260808,859,17.6149,17.6174,17.5929,-0.0207,75.982233,75.999826
idle,SCHED_OTHER,0,20260808,860,21.0336,21.0421,21.0348,0.0031,76.067971,76.089006
idle,SCHED_OTHER,0,20260808,861,40.4904,40.5024,40.4874,0.0017,76.134263,76.174750
idle,SCHED_OTHER,0,20260808,862,35.8208,35.8239,35.8243,0.0076,76.198867,76.234691
idle,SCHED_OTHER,0,20260808,863,21.3659,21.3686,21.3469,-0.0171,76.274827,76.296174
idle,SCHED_OTHER,0,20260808,864,38.0175,38.0209,37.9925,-0.0207,76.330327,76.368320
idle,SCHED_OTHER,0,20260808,865,32.6163,32.6196,32.6371,0.0244,76.425481,76.458118
idle,SCHED_OTHER,0,20260808,866,49.1359,49.1571,49.1443,0.0143,76.484233,76.533378
idle,SCHED_OTHER,0,20260808,867,26.7380,26.7413,26.7335,-0.0018,76.625583,76.652316
idle,SCHED_OTHER,0,20260808,868,38.1986,38.2017,38.2041,0.0099,76.679430,76.717634
idle,SCHED_OTHER,0,20260808,869,46.7720,46.7925,46.7837,0.0173,76.805802,76.852586
idle,SCHED_OTHER,0,20260808,870,9.6657,9.6681,9.6632,-0.0023,76.902720,76.912383
idle,SCHED_OTHER,0,20260808,871,23.6897,23.6930,23.6911,0.0036,76.988530,77.012221
idle,SCHED_OTHER,0,20260808,872,44.8800,44.8836,44.8758,0.0012,77.062354,77.107230
idle,SCHED_OTHER,0,20260808,873,30.0746,30.0771,30.0703,-0.0011,77.139356,77.169426
idle,SCHED_OTHER,0,20260808,874,12.7735,12.7763,12.7714,-0.0015,77.187550,77.200322
idle,SCHED_OTHER,0,20260808,875,22.3955,22.3992,22.3930,-0.0004,77.298513,77.320906
idle,SCHED_OTHER,0,20260808,876,38.1520,38.1552,38.1291,-0.0185,77.331105,77.369234
idle,SCHED_OTHER,0,20260808,877,45.3651,45.3846,45.3766,0.0169,77.443387,77.488764
idle,SCHED_OTHER,0,20260808,878,16.3375,16.3561,16.3407,0.0044,77.508902,77.525243
idle,SCHED_OTHER,0,20260808,879,42.1963,42.2152,42.2119,0.0205,77.619414,77.661626
idle,SCHED_OTHER,0,20260808,880,23.7347,23.7431,23.7345,0.0020,77.721721,77.745456
idle,SCHED_OTHER,0,20260808,881,5.2615,5.2641,5.2708,0.0088,77.833622,77.838892
idle,SCHED_OTHER,0,20260808,882,35.5719,35.5910,35.5291,-0.0389,77.927101,77.962630
idle,SCHED_OTHER,0,20260808,883,19.2680,19.2870,19.3209,0.0545,78.046775,78.066096
idle,SCHED_OTHER,0,20260808,884,15.4012,15.4063,15.3990,-0.0011,78.161234,78.176633
idle,SCHED_OTHER,0,20260808,885,12.6396,12.6455,12.6269,-0.0120,78.249775,78.262402
idle,SCHED_OTHER,0,20260808,886,36.1142,36.1338,36.1160,0.0058,78.287550,78.323666
idle,SCHED_OTHER,0,20260808,887,33.9351,33.9388,33.9395,0.0081,78.378778,78.412717
idle,SCHED_OTHER,0,20260808,888,26.2815,26.2983,26.2899,0.0110,78.450832,78.477122
idle,SCHED_OTHER,0,20260808,889,30.0246,30.0284,30.0118,-0.0097,78.556286,78.586297
idle,SCHED_OTHER,0,20260808,890,49.9592,49.9635,49.9514,-0.0017,78.603438,78.653390
idle,SCHED_OTHER,0,20260808,891,30.4953,30.5061,30.4927,0.0006,78.748578,78.779071
idle,SCHED_OTHER,0,20260808,892,41.0379,41.0424,41.0248,-0.0083,78.795302,78.836327
idle,SCHED_OTHER,0,20260808,893,7.8508,7.8539,7.8556,0.0047,78.854530,78.862386
idle,SCHED_OTHER,0,20260808,894,40.3998,40.4081,40.3783,-0.0168,78.946582,78.986961
idle,SCHED_OTHER,0,20260808,895,47.3292,47.3496,47.3464,0.0229,79.042098,79.089445
idle,SCHED_OTHER,0,20260808,896,12.7825,12.7912,12.7639,-0.0179,79.111586,79.124350
idle,SCHED_OTHER,0,20260808,897,31.6814,31.6867,31.6688,-0.0092,79.208536,79.240204
idle,SCHED_OTHER,0,20260808,898,16.6907,16.7115,16.7436,0.0541,79.293322,79.310066
idle,SCHED_OTHER,0,20260808,899,17.7474,17.7506,17.7470,0.0010,79.323166,79.340913
idle,SCHED_OTHER,0,20260808,900,7.7236,7.7508,7.7340,0.0103,79.426097,79.433831
idle,SCHED_OTHER,0,20260808,901,38.2009,38.2053,38.1524,-0.0441,79.526058,79.564210
idle,SCHED_OTHER,0,20260808,902,18.3805,18.3830,18.3753,-0.0038,79.642459,79.660835
idle,SCHED_OTHER,0,20260808,903,37.7031,37.7213,37.6905,-0.0083,79.694970,79.732661
idle,SCHED_OTHER,0,20260808,904,23.7393,23.7436,23.7401,0.0030,79.805757,79.829498
idle,SCHED_OTHER,0,20260808,905,10.7335,10.7522,10.7258,-0.0073,79.852629,79.863354
idle,SCHED_OTHER,0,20260808,906,32.6561,32.6588,32.6553,0.0027,79.916502,79.949158
idle,SCHED_OTHER,0,20260808,907,26.8220,26.8247,26.8080,-0.0113,79.964291,79.991099
idle,SCHED_OTHER,0,20260808,908,35.5023,35.5080,35.4963,-0.0020,80.083267,80.118763
idle,SCHED_OTHER,0,20260808,909,47.7228,47.7259,47.7018,-0.0152,80.182922,80.230624
idle,SCHED_OTHER,0,20260808,910,10.4898,10.5097,10.5027,0.0132,80.309738,80.320241
idle,SCHED_OTHER,0,20260808,911,5.8372,5.8407,5.8339,-0.0037,80.403404,80.409238
idle,SCHED_OTHER,0,20260808,912,35.2547,35.2735,35.2654,0.0146,80.440384,80.475649
idle,SCHED_OTHER,0,20260808,913,47.8729,47.8774,47.8572,-0.0099,80.538737,80.586594
idle,SCHED_OTHER,0,20260808,914,27.5356,27.5545,27.5529,0.0201,80.634669,80.662221
idle,SCHED_OTHER,0,20260808,915,37.1369,37.1399,37.1337,0.0010,80.741378,80.778512
idle,SCHED_OTHER,0,20260808,916,9.2958,9.3145,9.2926,-0.0031,80.837657,80.846950
idle,SCHED_OTHER,0,20260808,917,12.3557,12.3746,12.3763,0.0212,80.890066,80.902442
idle,SCHED_OTHER,0,20260808,918,6.3067,6.3131,6.3077,0.0008,80.988730,80.995038
idle,SCHED_OTHER,0,20260808,919,40.4499,40.4597,40.4487,0.0035,81.065183,81.105632
idle,SCHED_OTHER,0,20260808,920,15.1332,15.1408,15.1361,0.0039,81.148722,81.163858
idle,SCHED_OTHER,0,20260808,921,29.1549,29.1782,29.1576,0.0058,81.233020,81.262178
idle,SCHED_OTHER,0,20260808,922,31.2312,31.2386,31.2301,0.0023,81.353357,81.384587
idle,SCHED_OTHER,0,20260808,923,16.3060,16.3082,16.3759,0.0711,81.395653,81.412029
idle,SCHED_OTHER,0,20260808,924,5.3857,5.3905,5.3715,-0.0147,81.512151,81.517522
idle,SCHED_OTHER,0,20260808,925,35.9359,35.9553,35.9473,0.0155,81.565714,81.601661
idle,SCHED_OTHER,0,20260808,926,30.3381,30.3533,30.3486,0.0137,81.625778,81.656126
idle,SCHED_OTHER,0,20260808,927,14.1888,14.1917,14.1919,0.0039,81.749287,81.763479
idle,SCHED_OTHER,0,20260808,928,44.1745,44.1946,44.1964,0.0271,81.783602,81.827798
idle,SCHED_OTHER,0,20260808,929,20.0963,20.1170,20.0921,-0.0025,81.867921,81.888013
idle,SCHED_OTHER,0,20260808,930,48.0512,48.0649,48.0369,-0.0085,81.901184,81.949221
idle,SCHED_OTHER,0,20260808,931,45.3406,45.3681,45.3433,0.0081,82.006362,82.051706
idle,SCHED_OTHER,0,20260808,932,37.2040,37.2227,37.2015,0.0018,82.079853,82.117055
idle,SCHED_OTHER,0,20260808,933,27.1104,27.1129,27.1059,-0.0018,82.164173,82.191279
idle,SCHED_OTHER,0,20260808,934,21.4346,21.4414,21.4455,0.0128,82.237391,82.258836
idle,SCHED_OTHER,0,20260808,935,30.9305,30.9492,30.9915,0.0643,82.334011,82.365002
idle,SCHED_OTHER,0,20260808,936,24.6184,24.6378,24.6357,0.0196,82.410118,82.434754
idle,SCHED_OTHER,0,20260808,937,35.0638,35.0675,35.0731,0.0133,82.457928,82.493002
idle,SCHED_OTHER,0,20260808,938,42.3369,42.3438,42.3132,-0.0187,82.545113,82.587426
idle,SCHED_OTHER,0,20260808,939,44.0333,44.0363,44.0295,0.0014,82.652563,82.696592
idle,SCHED_OTHER,0,20260808,940,41.8419,41.8622,41.8510,0.0140,82.732695,82.774546
idle,SCHED_OTHER,0,20260808,941,45.6364,45.6551,45.6307,-0.0003,82.813709,82.859339
idle,SCHED_OTHER,0,20260808,942,46.4371,46.4403,46.4216,-0.0100,82.882477,82.928898
idle,SCHED_OTHER,0,20260808,943,46.0053,46.0085,46.0082,0.0084,82.989030,83.035038
idle,SCHED_OTHER,0,20260808,944,47.7318,47.7361,47.7237,-0.0023,83.066173,83.113897
idle,SCHED_OTHER,0,20260808,945,6.4455,6.4484,6.4335,-0.0123,83.213187,83.219621
idle,SCHED_OTHER,0,20260808,946,12.3322,12.3344,12.3123,-0.0193,83.318810,83.331122
idle,SCHED_OTHER,0,20260808,947,41.0162,41.0188,41.0119,0.0005,83.394258,83.435270
idle,SCHED_OTHER,0,20260808,948,48.5930,48.5982,48.5708,-0.0163,83.507441,83.556012
idle,SCHED_OTHER,0,20260808,949,41.1073,41.1104,41.1044,0.0019,83.602133,83.643238
idle,SCHED_OTHER,0,20260808,950,37.0593,37.0679,37.0419,-0.0132,83.661369,83.698411
idle,SCHED_OTHER,0,20260808,951,21.1512,21.1632,21.1550,0.0057,83.715542,83.736697
idle,SCHED_OTHER,0,20260808,952,43.4049,43.4258,43.4196,0.0198,83.828878,83.872298
idle,SCHED_OTHER,0,20260808,953,10.3237,10.3268,10.3080,-0.0154,83.900458,83.910766
idle,SCHED_OTHER,0,20260808,954,13.9007,13.9033,13.8321,-0.0678,83.961972,83.975804
idle,SCHED_OTHER,0,20260808,955,16.5653,16.5690,16.5219,-0.0422,84.020977,84.037499
idle,SCHED_OTHER,0,20260808,956,49.6497,49.6528,49.6473,0.0036,84.061610,84.111258
idle,SCHED_OTHER,0,20260808,957,47.7067,47.7108,47.7121,0.0111,84.148382,84.196094
idle,SCHED_OTHER,0,20260808,958,39.4842,39.5034,39.4835,0.0039,84.219223,84.258707
idle,SCHED_OTHER,0,20260808,959,30.5593,30.5668,30.5409,-0.0151,84.279842,84.310383
idle,SCHED_OTHER,0,20260808,960,39.9846,40.0038,39.9879,0.0080,84.398562,84.438550
idle,SCHED_OTHER,0,20260808,961,34.5796,34.5870,34.5692,-0.0066,84.462668,84.497238
idle,SCHED_OTHER,0,20260808,962,8.1655,8.1844,8.1750,0.0095,84.554379,84.562554
idle,SCHED_OTHER,0,20260808,963,23.2854,23.3046,23.3128,0.0295,84.589646,84.612958
idle,SCHED_OTHER,0,20260808,964,11.3029,11.3055,11.3096,0.0072,84.679183,84.690493
idle,SCHED_OTHER,0,20260808,965,24.0843,24.0885,24.0685,-0.0135,84.707608,84.731677
idle,SCHED_OTHER,0,20260808,966,18.3844,18.4034,18.3854,0.0025,84.811850,84.830235
idle,SCHED_OTHER,0,20260808,967,25.9786,26.0031,25.9941,0.0180,84.862353,84.888347
idle,SCHED_OTHER,0,20260808,968,40.5593,40.5648,40.5535,-0.0011,84.972530,85.013083
idle,SCHED_OTHER,0,20260808,969,27.0274,27.0306,27.0054,-0.0192,85.075266,85.102271
idle,SCHED_OTHER,0,20260808,970,45.4972,45.5193,45.5072,0.0154,85.194462,85.239970
idle,SCHED_OTHER,0,20260808,971,49.8753,49.8797,49.8486,-0.0206,85.323166,85.373014
idle,SCHED_OTHER,0,20260808,972,21.1220,21.1255,21.1037,-0.0165,85.384174,85.405277
idle,SCHED_OTHER,0,20260808,973,39.3382,39.3449,39.3444,0.0107,85.464410,85.503754
idle,SCHED_OTHER,0,20260808,974,33.8573,33.8776,33.8495,-0.0041,85.584945,85.618794
idle,SCHED_OTHER,0,20260808,975,11.3422,11.3549,11.3494,0.0076,85.687937,85.699287
idle,SCHED_OTHER,0,20260808,976,34.0284,34.0320,34.0234,-0.0013,85.710422,85.744445
idle,SCHED_OTHER,0,20260808,977,9.3130,9.3317,9.3494,0.0365,85.765589,85.774938
idle,SCHED_OTHER,0,20260808,978,49.0237,49.0436,49.0326,0.0149,85.826158,85.875191
idle,SCHED_OTHER,0,20260808,979,14.0104,14.0136,13.9775,-0.0321,85.919366,85.933343
idle,SCHED_OTHER,0,20260808,980,45.7839,45.7891,45.7876,0.0092,85.994479,86.040267
idle,SCHED_OTHER,0,20260808,981,28.0021,28.0055,28.0008,0.0016,86.131439,86.159440
idle,SCHED_OTHER,0,20260808,982,31.8220,31.8491,31.8128,-0.0058,86.243710,86.275523
idle,SCHED_OTHER,0,20260808,983,15.2394,15.2420,15.2872,0.0488,86.355643,86.370930
idle,SCHED_OTHER,0,20260808,984,23.9533,23.9575,23.9294,-0.0216,86.387027,86.410956
idle,SCHED_OTHER,0,20260808,985,14.6330,14.6399,14.6195,-0.0126,86.427102,86.441722
idle,SCHED_OTHER,0,20260808,986,42.8732,42.8799,42.8731,0.0050,86.481840,86.524714
idle,SCHED_OTHER,0,20260808,987,36.6905,36.6941,36.6719,-0.0144,86.600006,86.636677
idle,SCHED_OTHER,0,20260808,988,23.6758,23.6785,23.6789,0.0054,86.687798,86.711477
idle,SCHED_OTHER,0,20260808,989,27.1383,27.1575,27.1461,0.0105,86.724559,86.751706
idle,SCHED_OTHER,0,20260808,990,34.7492,34.7533,34.7472,0.0019,86.808840,86.843587
idle,SCHED_OTHER,0,20260808,991,21.5923,21.5991,21.5965,0.0061,86.879697,86.901294
idle,SCHED_OTHER,0,20260808,992,20.8782,20.8851,20.8832,0.0069,86.923419,86.944302
idle,SCHED_OTHER,0,20260808,993,39.7290,39.7327,39.7276,0.0032,87.015436,87.055163
idle,SCHED_OTHER,0,20260808,994,30.9344,30.9539,30.9470,0.0159,87.102290,87.133237
idle,SCHED_OTHER,0,20260808,995,28.6353,28.6376,28.6198,-0.0126,87.227422,87.256042
idle,SCHED_OTHER,0,20260808,996,27.1985,27.2014,27.2049,0.0092,87.314169,87.341373
idle,SCHED_OTHER,0,20260808,997,19.6886,19.7077,19.7036,0.0167,87.355478,87.375181
idle,SCHED_OTHER,0,20260808,998,16.3154,16.3193,16.3076,-0.0067,87.463358,87.479666
idle,SCHED_OTHER,0,20260808,999,47.9340,47.9379,47.9208,-0.0074,87.508819,87.556739
